time,hashedNRIC,amount,charityUEN,message
1603721084,f7e6725b7bcef18f3eb8f1d712924391fd1a70bc4cb2d0071efa56edce1badfe,955008,251828852W,Msg! exactly 32 characters long!
1603722896,494e37ffd56ce9b232c7c7eb3bd598e6c041b36f324807bd24a1f52b3736cb63,837668,05826711W,some message
1603725573,59b71f85dc76920e19e00f336eb72b183f434c0c37431c1f464fc4eaf5862047,837988,599751441N,#tree
1603728760,6adbcce5bd7b06b6964ef71b709d432c6804c958067de5321fafcab785bd1f77,816436,20936926L,
1603732259,88bc6313128bacded6751ea174a968c1c384d6fecdac3ef03720edf36d28ae2a,335909,82650911B,
1603732732,494e37ffd56ce9b232c7c7eb3bd598e6c041b36f324807bd24a1f52b3736cb63,270530,08595773M,hugs and kisses
1603751342,6ec0fdf19f2f6ce4aa4c3334d07685a9292bd3864f8fbf32de8b64d0b8310dc0,241405,05397611M,Msg! exactly 32 characters long!
1603771874,4cb5ad60b784f2b4fef941ad48401ac858c50668bc60b3412704ad706016aa4c,241138,25932511,
1603796287,846038e7593cb374edcd810c9fc903164ec42b3375143f77ff6b18ba0da10c9d,723300,T13LL1384G,some message
1603796964,f09595232da8dd7d13008dda6d27e55ab2756f49f3e7407f2f9ce2cb06362878,579071,599116551G,hugs and kisses
1603806312,c2c845ada6858d1b0d8f35e99065710a04fcfa775dc95f32118a902250ce4779,300971,20936926L,hugs and kisses
1603807176,c91beeec35e223de291f1cc366605207ee272d15ce655217ea3e4602bc817f53,515295,08171224W,
1603824568,eff5ecb70471a2c275cf873f877372cc4171c487d6d79b348e22b1662483ab05,269342,25932511,#tree
1603835809,b0cd078d1d0dc3ef3e6976ebbcf80968c4f380281c484a10d397d63d9b46fb57,561971,08852581B,Msg! exactly 32 characters long!
1603840940,7cd67fd4cd2ba007bbda9b0a4429ffc74c85de00e7f1b01fdfecf8c3af88f074,219690,49320011K,some message
1603853857,8ed8de40848d2a62583776c68b86e106a8680b359bf71f2637a0a7f47bfa9a0e,703743,20936926L,
1603864984,615315bb21a2de3b26552851dd9914c7cb4b3d9662208bbe3d38251d25539e1c,322187,251616922C,hugs and kisses
1603886194,8ed8de40848d2a62583776c68b86e106a8680b359bf71f2637a0a7f47bfa9a0e,479776,17032111E,
1603892942,494e37ffd56ce9b232c7c7eb3bd598e6c041b36f324807bd24a1f52b3736cb63,942081,251928769W,
1603904302,eb6f7bdc561f53d17a50a61ca968fc6207fedf31fb62b31f6fab6b4221fffafa,728478,211212580E,#tree
1603914254,dda0ee653a8d5b4c50e11dd6cd04e22c0856e89100aed75a011dc028403cef60,307297,81114111L,Msg! exactly 32 characters long!
1603914352,a7f4c31c67c8c307cefc669e27eb00be10ac9a9035613a5add08eae7d6b210f2,136116,215112888H,
1603976893,c2c845ada6858d1b0d8f35e99065710a04fcfa775dc95f32118a902250ce4779,420047,08551049A,hugs and kisses
1603984633,b0c1bed6df92c77de491e05f4fd0ced4e67a228efc9e2301bac12454aff96efb,341553,211925558D,#tree
1603992607,dda0ee653a8d5b4c50e11dd6cd04e22c0856e89100aed75a011dc028403cef60,920440,T57LL1146H,#tree
1603998063,27780a6c932d0acedd2a455049c86fbbf6c34318d379c186deafe024b8f9c6c5,303248,211913743C,another message
1604003566,4cb5ad60b784f2b4fef941ad48401ac858c50668bc60b3412704ad706016aa4c,437265,82896111J,another message
1604014101,2b7d22a66f4e0752910f5b96f44ae2e6afe654323b1a83c0f7024b2d1162c623,419501,211913743C,hugs and kisses
1604025120,c2c845ada6858d1b0d8f35e99065710a04fcfa775dc95f32118a902250ce4779,429484,T57LL1146H,another message
1604032466,4366993cf49a9aa6370975509596f47c989884ce01d63eb2d5c1a2b35e237a5a,903565,08585645J,#tree
1604035274,6b506c9d56746f2b12ff2403f076333a44d9e89a38054611bc5b31794bde072a,596974,08113982K,
1604037700,8ed8de40848d2a62583776c68b86e106a8680b359bf71f2637a0a7f47bfa9a0e,102684,08852581B,some message
1604040806,4366993cf49a9aa6370975509596f47c989884ce01d63eb2d5c1a2b35e237a5a,280950,20951951K,hugs and kisses
1604044970,6f0b1f48766d598184a630a407b31fc4bbc6f6101c835738054d7f2b9cbd36f6,561871,20390046B,hugs and kisses
1604053486,8fe45a164d56f724645df617c5411941288acbe2a34c6790bcd7aa11f399c453,517142,593810636E,
1604070646,266d60750b358418e881291df341d1754fa889f6f3a9c3b5e22f19773ddb6d65,264128,08274595M,another message
1604070866,78b944a87b2e9c0564e79ebe49907b814a709874ebe8d6201dc50acb7c4e48be,354929,211012709M,some message
1604081467,846038e7593cb374edcd810c9fc903164ec42b3375143f77ff6b18ba0da10c9d,212970,T50LL2188J,some message
1604082378,59b71f85dc76920e19e00f336eb72b183f434c0c37431c1f464fc4eaf5862047,358504,T57LL1146H,
1604098616,4cb5ad60b784f2b4fef941ad48401ac858c50668bc60b3412704ad706016aa4c,103811,21708811L,#tree
1604107063,27780a6c932d0acedd2a455049c86fbbf6c34318d379c186deafe024b8f9c6c5,340731,593810636E,hugs and kisses
1604132684,f7e6725b7bcef18f3eb8f1d712924391fd1a70bc4cb2d0071efa56edce1badfe,648742,211358204K,#tree
1604150953,7cd67fd4cd2ba007bbda9b0a4429ffc74c85de00e7f1b01fdfecf8c3af88f074,71858,49320011K,#tree
1604158325,fbdd32c2a8b634887b5a6cf53997279e6f9f45cb61ea465286412b261a4fb51b,4244,251384260M,hugs and kisses
1604173504,2b7d22a66f4e0752910f5b96f44ae2e6afe654323b1a83c0f7024b2d1162c623,529777,251015178W,#tree
1604211937,3ca847ff0ccb6f312997af8986afcd49e5af33261c252ad18f1a07a1dc0772f8,212251,82896111J,#tree
1604214059,2b7d22a66f4e0752910f5b96f44ae2e6afe654323b1a83c0f7024b2d1162c623,638648,211811381D,#tree
1604246595,4cb5ad60b784f2b4fef941ad48401ac858c50668bc60b3412704ad706016aa4c,707501,20320752J,#tree
1604254590,8ed8de40848d2a62583776c68b86e106a8680b359bf71f2637a0a7f47bfa9a0e,196943,251456780H,#tree
1604256799,d32277f010ee143c89d762d674bb583075bda9627605a3a8eacc656ba972c673,566443,21825311X,Msg! exactly 32 characters long!
1604261466,59b71f85dc76920e19e00f336eb72b183f434c0c37431c1f464fc4eaf5862047,621185,42989511E,some message
1604275166,f09595232da8dd7d13008dda6d27e55ab2756f49f3e7407f2f9ce2cb06362878,725472,20344776M,#tree
1604276787,6b506c9d56746f2b12ff2403f076333a44d9e89a38054611bc5b31794bde072a,187354,20390046B,some message
1604297528,cc073622edd561ddca9090557d719b6172e60ceb2ca91fb5a3696e924ef26e41,786007,20960895E,Msg! exactly 32 characters long!
1604297783,615315bb21a2de3b26552851dd9914c7cb4b3d9662208bbe3d38251d25539e1c,344193,251521007R,another message
1604307493,d32277f010ee143c89d762d674bb583075bda9627605a3a8eacc656ba972c673,978646,211212580E,#tree
1604314266,88bc6313128bacded6751ea174a968c1c384d6fecdac3ef03720edf36d28ae2a,615678,597812506Z,#tree
1604333721,6ec0fdf19f2f6ce4aa4c3334d07685a9292bd3864f8fbf32de8b64d0b8310dc0,469165,251517728C,another message
1604335981,8fe45a164d56f724645df617c5411941288acbe2a34c6790bcd7aa11f399c453,424575,49320011K,#tree
1604341907,fbdd32c2a8b634887b5a6cf53997279e6f9f45cb61ea465286412b261a4fb51b,762139,211352206R,Msg! exactly 32 characters long!
1604342516,9aaa6d09b7b8f49aa318939fd4ec7966031626dfb6e7e0c57e7fd74bb752accc,90725,08514183X,
1604349031,20867e05a643f9a8b8ef34310f672ec4049890b754be59d614b2cb17ef9066ce,494871,251456780H,some message
1604378039,6adbcce5bd7b06b6964ef71b709d432c6804c958067de5321fafcab785bd1f77,490327,20960895E,#tree
1604382786,accc0dacea6b7508efa83912de96f753066c23f0a5a42d6978786293df686dbc,599670,17032111E,#tree
1604385374,6b506c9d56746f2b12ff2403f076333a44d9e89a38054611bc5b31794bde072a,468172,590615100R,
1604386477,6ec0fdf19f2f6ce4aa4c3334d07685a9292bd3864f8fbf32de8b64d0b8310dc0,706721,597351942C,
1604389030,cc073622edd561ddca9090557d719b6172e60ceb2ca91fb5a3696e924ef26e41,855411,08108651B,another message
1604389652,f7e6725b7bcef18f3eb8f1d712924391fd1a70bc4cb2d0071efa56edce1badfe,215393,251384260M,some message
1604395988,b0c1bed6df92c77de491e05f4fd0ced4e67a228efc9e2301bac12454aff96efb,441764,08823423K,another message
1604400237,846038e7593cb374edcd810c9fc903164ec42b3375143f77ff6b18ba0da10c9d,447385,251616922C,
1604458148,f09595232da8dd7d13008dda6d27e55ab2756f49f3e7407f2f9ce2cb06362878,49135,251456780H,some message
1604460769,494e37ffd56ce9b232c7c7eb3bd598e6c041b36f324807bd24a1f52b3736cb63,373740,08171224W,#tree
1604461972,f09595232da8dd7d13008dda6d27e55ab2756f49f3e7407f2f9ce2cb06362878,486463,251015178W,some message
1604482358,2b7d22a66f4e0752910f5b96f44ae2e6afe654323b1a83c0f7024b2d1162c623,748419,251928769W,#tree
1604496402,b80c983504d94f3a0054a18b6b32858995e7e3856695caf92abcb3851bfd6b9a,406026,251517728C,Msg! exactly 32 characters long!
1604506761,615315bb21a2de3b26552851dd9914c7cb4b3d9662208bbe3d38251d25539e1c,603602,251015178W,another message
1604514479,8ed8de40848d2a62583776c68b86e106a8680b359bf71f2637a0a7f47bfa9a0e,551767,42989511E,#tree
1604540100,846038e7593cb374edcd810c9fc903164ec42b3375143f77ff6b18ba0da10c9d,398006,88075711D,some message
1604562074,3c940aa1e4b318394988e437ae91d5afdd5cb7250488078083bd9acc60de6609,149966,08823423K,another message
1604562395,6c91e8f41d54d94ceea33af50adeebaf6709b015dc2dc6246be3319560eaa794,118088,08260838A,#tree
1604564216,f7e6725b7bcef18f3eb8f1d712924391fd1a70bc4cb2d0071efa56edce1badfe,497161,20951951K,
1604578962,27780a6c932d0acedd2a455049c86fbbf6c34318d379c186deafe024b8f9c6c5,10613,211012709M,#tree
1604580672,9aaa6d09b7b8f49aa318939fd4ec7966031626dfb6e7e0c57e7fd74bb752accc,228579,20951951K,#tree
1604587637,c030f589a586fee3d7e3552443a103498546c7252eb2815b2c0246208872fdd6,109676,211012709M,some message
1604589720,d32277f010ee143c89d762d674bb583075bda9627605a3a8eacc656ba972c673,558948,251013214E,Msg! exactly 32 characters long!
1604589853,3df8536c1131409179bef48c65375f199cac31f062e0c098bbbdf20fc3f37404,856618,08595773M,another message
1604607065,eff5ecb70471a2c275cf873f877372cc4171c487d6d79b348e22b1662483ab05,402273,251521007R,some message
1604611478,9aaa6d09b7b8f49aa318939fd4ec7966031626dfb6e7e0c57e7fd74bb752accc,433735,251925341R,Msg! exactly 32 characters long!
1604612264,2b7d22a66f4e0752910f5b96f44ae2e6afe654323b1a83c0f7024b2d1162c623,761715,08216574L,some message
1604612728,3df8536c1131409179bef48c65375f199cac31f062e0c098bbbdf20fc3f37404,621972,251511413M,Msg! exactly 32 characters long!
1604617702,4366993cf49a9aa6370975509596f47c989884ce01d63eb2d5c1a2b35e237a5a,117177,20310483D,another message
1604642207,59b71f85dc76920e19e00f336eb72b183f434c0c37431c1f464fc4eaf5862047,258719,597351942C,hugs and kisses
1604644482,59b71f85dc76920e19e00f336eb72b183f434c0c37431c1f464fc4eaf5862047,446454,251828852W,another message
1604679306,a8e237d528453d0ea636e101d271702950f5618ba179d92447a8d8e028353622,785644,08171224W,Msg! exactly 32 characters long!
1604704484,6f0b1f48766d598184a630a407b31fc4bbc6f6101c835738054d7f2b9cbd36f6,254861,211925558D,Msg! exactly 32 characters long!
1604716025,2b7d22a66f4e0752910f5b96f44ae2e6afe654323b1a83c0f7024b2d1162c623,391541,20320752J,Msg! exactly 32 characters long!
1604722087,8f90d9085be66d94af41cf4eb705ab1eca169ad32eeb815083db0b1eeed1f66f,723069,46235011E,Msg! exactly 32 characters long!
1604729666,eb6f7bdc561f53d17a50a61ca968fc6207fedf31fb62b31f6fab6b4221fffafa,937532,08523597C,
1604742615,d32277f010ee143c89d762d674bb583075bda9627605a3a8eacc656ba972c673,80131,251828852W,hugs and kisses
1604773307,3c940aa1e4b318394988e437ae91d5afdd5cb7250488078083bd9acc60de6609,763622,251126562K,some message
1604792484,846038e7593cb374edcd810c9fc903164ec42b3375143f77ff6b18ba0da10c9d,162524,08523597C,#tree
1604820543,eff5ecb70471a2c275cf873f877372cc4171c487d6d79b348e22b1662483ab05,150825,17032111E,
1604834639,d32277f010ee143c89d762d674bb583075bda9627605a3a8eacc656ba972c673,754050,08106036B,hugs and kisses
1604876727,e6e6192b0e9bbda2e2812aaf499c35f0961d43ce6d51086f07de660fbea190ad,904940,211611137W,another message
1604880259,8ed8de40848d2a62583776c68b86e106a8680b359bf71f2637a0a7f47bfa9a0e,228347,08582839K,Msg! exactly 32 characters long!
1604886785,b80c983504d94f3a0054a18b6b32858995e7e3856695caf92abcb3851bfd6b9a,394077,17032111E,hugs and kisses
1604896848,8ed8de40848d2a62583776c68b86e106a8680b359bf71f2637a0a7f47bfa9a0e,22483,08514183X,hugs and kisses
1604898808,266d60750b358418e881291df341d1754fa889f6f3a9c3b5e22f19773ddb6d65,337339,08823423K,
1604914466,78b944a87b2e9c0564e79ebe49907b814a709874ebe8d6201dc50acb7c4e48be,490811,08298327E,#tree
1604917242,c91beeec35e223de291f1cc366605207ee272d15ce655217ea3e4602bc817f53,196216,08523597C,
1604941952,3c940aa1e4b318394988e437ae91d5afdd5cb7250488078083bd9acc60de6609,412045,251928769W,
1604943287,9aaa6d09b7b8f49aa318939fd4ec7966031626dfb6e7e0c57e7fd74bb752accc,763683,20982444W,another message
1605017622,6f0b1f48766d598184a630a407b31fc4bbc6f6101c835738054d7f2b9cbd36f6,964948,T50LL2188J,
1605026264,6ec0fdf19f2f6ce4aa4c3334d07685a9292bd3864f8fbf32de8b64d0b8310dc0,570145,593810636E,another message
1605026907,cc073622edd561ddca9090557d719b6172e60ceb2ca91fb5a3696e924ef26e41,892268,211925558D,another message
1605043312,6adbcce5bd7b06b6964ef71b709d432c6804c958067de5321fafcab785bd1f77,565968,08263253A,hugs and kisses
1605070139,a8e237d528453d0ea636e101d271702950f5618ba179d92447a8d8e028353622,388602,08566261L,hugs and kisses
1605076429,3ca847ff0ccb6f312997af8986afcd49e5af33261c252ad18f1a07a1dc0772f8,626060,597351942C,Msg! exactly 32 characters long!
1605086231,494e37ffd56ce9b232c7c7eb3bd598e6c041b36f324807bd24a1f52b3736cb63,682816,211811381D,another message
1605111012,494e37ffd56ce9b232c7c7eb3bd598e6c041b36f324807bd24a1f52b3736cb63,138146,211319335D,#tree
1605127636,cc073622edd561ddca9090557d719b6172e60ceb2ca91fb5a3696e924ef26e41,988974,597812506Z,Msg! exactly 32 characters long!
1605131267,3ca847ff0ccb6f312997af8986afcd49e5af33261c252ad18f1a07a1dc0772f8,370137,593810636E,
1605144683,b80c983504d94f3a0054a18b6b32858995e7e3856695caf92abcb3851bfd6b9a,820557,08260838A,some message
1605145831,c91beeec35e223de291f1cc366605207ee272d15ce655217ea3e4602bc817f53,276449,08295369W,some message
1605153259,7cd67fd4cd2ba007bbda9b0a4429ffc74c85de00e7f1b01fdfecf8c3af88f074,501419,46235011E,hugs and kisses
1605153339,6c91e8f41d54d94ceea33af50adeebaf6709b015dc2dc6246be3319560eaa794,240749,20982444W,hugs and kisses
1605165799,3df8536c1131409179bef48c65375f199cac31f062e0c098bbbdf20fc3f37404,373221,251521007R,hugs and kisses
1605172936,3c940aa1e4b318394988e437ae91d5afdd5cb7250488078083bd9acc60de6609,4665,251212178E,hugs and kisses
1605177010,d32277f010ee143c89d762d674bb583075bda9627605a3a8eacc656ba972c673,996577,08566261L,another message
1605180287,d7a79bba8f88ccd32ab6cf9d622dca7a3594a3b009f90b86f74ace0d67b651e0,176915,05826711W,Msg! exactly 32 characters long!
1605188596,9aaa6d09b7b8f49aa318939fd4ec7966031626dfb6e7e0c57e7fd74bb752accc,663501,211755621K,some message
1605190469,6b506c9d56746f2b12ff2403f076333a44d9e89a38054611bc5b31794bde072a,305859,251015178W,another message
1605194093,146a51300bf856bf9da51348169bfc74914ec7193864983be54de6c16469b72c,940332,590615100R,#tree
1605199332,6b506c9d56746f2b12ff2403f076333a44d9e89a38054611bc5b31794bde072a,718340,597812506Z,
1605209355,846038e7593cb374edcd810c9fc903164ec42b3375143f77ff6b18ba0da10c9d,642349,25932511,another message
1605214031,846038e7593cb374edcd810c9fc903164ec42b3375143f77ff6b18ba0da10c9d,151749,08106036B,
1605221917,6b506c9d56746f2b12ff2403f076333a44d9e89a38054611bc5b31794bde072a,877557,215112888H,hugs and kisses
1605239926,accc0dacea6b7508efa83912de96f753066c23f0a5a42d6978786293df686dbc,312033,211218465Z,Msg! exactly 32 characters long!
1605240987,3c940aa1e4b318394988e437ae91d5afdd5cb7250488078083bd9acc60de6609,383552,20318638A,#tree
1605261019,dda0ee653a8d5b4c50e11dd6cd04e22c0856e89100aed75a011dc028403cef60,171293,251045507E,another message
1605277476,6ec0fdf19f2f6ce4aa4c3334d07685a9292bd3864f8fbf32de8b64d0b8310dc0,173910,251828852W,Msg! exactly 32 characters long!
1605277749,cc073622edd561ddca9090557d719b6172e60ceb2ca91fb5a3696e924ef26e41,620232,20390046B,
1605282062,2b7d22a66f4e0752910f5b96f44ae2e6afe654323b1a83c0f7024b2d1162c623,118085,251015178W,Msg! exactly 32 characters long!
1605290376,266d60750b358418e881291df341d1754fa889f6f3a9c3b5e22f19773ddb6d65,678823,44686811J,Msg! exactly 32 characters long!
1605292307,6f0b1f48766d598184a630a407b31fc4bbc6f6101c835738054d7f2b9cbd36f6,728533,08216574L,some message
1605306586,22922664fefa9da815f1bdddb4407b1150b62f060448be5946da4b0ec9eae2d3,270947,08566261L,another message
1605320976,c91beeec35e223de291f1cc366605207ee272d15ce655217ea3e4602bc817f53,763159,25932511,hugs and kisses
1605326625,6adbcce5bd7b06b6964ef71b709d432c6804c958067de5321fafcab785bd1f77,253231,44686811J,Msg! exactly 32 characters long!
1605330502,6f0b1f48766d598184a630a407b31fc4bbc6f6101c835738054d7f2b9cbd36f6,993445,251126562K,some message
1605332146,dda0ee653a8d5b4c50e11dd6cd04e22c0856e89100aed75a011dc028403cef60,535468,20318638A,another message
1605344367,4cb5ad60b784f2b4fef941ad48401ac858c50668bc60b3412704ad706016aa4c,254516,251456780H,#tree
1605344999,a7f4c31c67c8c307cefc669e27eb00be10ac9a9035613a5add08eae7d6b210f2,695666,20310483D,some message
1605345461,dda0ee653a8d5b4c50e11dd6cd04e22c0856e89100aed75a011dc028403cef60,175061,211913743C,#tree
1605366494,ab697795ae9fc82a51ad4e9f708109317cd5048b4f65e8a50b48b6000668137f,617277,08108651B,Msg! exactly 32 characters long!
1605380863,eb6f7bdc561f53d17a50a61ca968fc6207fedf31fb62b31f6fab6b4221fffafa,169199,08590093B,
1605385578,6c91e8f41d54d94ceea33af50adeebaf6709b015dc2dc6246be3319560eaa794,166454,08216574L,
1605385923,846038e7593cb374edcd810c9fc903164ec42b3375143f77ff6b18ba0da10c9d,84886,251616922C,#tree
1605390658,eff5ecb70471a2c275cf873f877372cc4171c487d6d79b348e22b1662483ab05,32644,82650911B,hugs and kisses
1605398900,d32277f010ee143c89d762d674bb583075bda9627605a3a8eacc656ba972c673,472241,211611137W,some message
1605401275,dda0ee653a8d5b4c50e11dd6cd04e22c0856e89100aed75a011dc028403cef60,86785,42989511E,
1605416709,d7a79bba8f88ccd32ab6cf9d622dca7a3594a3b009f90b86f74ace0d67b651e0,925307,20390046B,some message
1605423298,d6ce454d2df68fd2fc9af7126847a81ea9d04c9f2d0d7215014f87697969cd7d,450862,08575773W,another message
1605423380,6c91e8f41d54d94ceea33af50adeebaf6709b015dc2dc6246be3319560eaa794,949639,597712784N,Msg! exactly 32 characters long!
1605430192,6ec0fdf19f2f6ce4aa4c3334d07685a9292bd3864f8fbf32de8b64d0b8310dc0,777756,599411133G,hugs and kisses
1605441811,4366993cf49a9aa6370975509596f47c989884ce01d63eb2d5c1a2b35e237a5a,100780,08825998X,
1605447810,d32277f010ee143c89d762d674bb583075bda9627605a3a8eacc656ba972c673,563929,42989511E,Msg! exactly 32 characters long!
1605452507,c030f589a586fee3d7e3552443a103498546c7252eb2815b2c0246208872fdd6,201661,08113982K,#tree
1605452913,6ec0fdf19f2f6ce4aa4c3334d07685a9292bd3864f8fbf32de8b64d0b8310dc0,25127,251517728C,Msg! exactly 32 characters long!
1605459694,494e37ffd56ce9b232c7c7eb3bd598e6c041b36f324807bd24a1f52b3736cb63,855178,599751441N,
1605460754,3ca847ff0ccb6f312997af8986afcd49e5af33261c252ad18f1a07a1dc0772f8,409127,251045507E,hugs and kisses
1605468454,fbdd32c2a8b634887b5a6cf53997279e6f9f45cb61ea465286412b261a4fb51b,210399,20984761A,
1605473220,c2c845ada6858d1b0d8f35e99065710a04fcfa775dc95f32118a902250ce4779,878318,08551049A,another message
1605502325,eff5ecb70471a2c275cf873f877372cc4171c487d6d79b348e22b1662483ab05,412335,251753338H,Msg! exactly 32 characters long!
1605512349,6b506c9d56746f2b12ff2403f076333a44d9e89a38054611bc5b31794bde072a,957480,215112888H,some message
1605526925,6adbcce5bd7b06b6964ef71b709d432c6804c958067de5321fafcab785bd1f77,730021,26679711L,
1605553805,8ed8de40848d2a62583776c68b86e106a8680b359bf71f2637a0a7f47bfa9a0e,948671,42989511E,another message
1605558483,a7f4c31c67c8c307cefc669e27eb00be10ac9a9035613a5add08eae7d6b210f2,392267,08274595M,
1605571267,4366993cf49a9aa6370975509596f47c989884ce01d63eb2d5c1a2b35e237a5a,777385,20984761A,
1605583167,c2c845ada6858d1b0d8f35e99065710a04fcfa775dc95f32118a902250ce4779,589018,251928769W,some message
1605588319,88bc6313128bacded6751ea174a968c1c384d6fecdac3ef03720edf36d28ae2a,163301,251013214E,Msg! exactly 32 characters long!
1605595794,3df8536c1131409179bef48c65375f199cac31f062e0c098bbbdf20fc3f37404,69787,20375058E,
1605628185,6c91e8f41d54d94ceea33af50adeebaf6709b015dc2dc6246be3319560eaa794,560452,08514183X,Msg! exactly 32 characters long!
1605641858,e6e6192b0e9bbda2e2812aaf499c35f0961d43ce6d51086f07de660fbea190ad,695062,211352206R,Msg! exactly 32 characters long!
1605655453,8f90d9085be66d94af41cf4eb705ab1eca169ad32eeb815083db0b1eeed1f66f,554830,44686811J,another message
1605689159,6c91e8f41d54d94ceea33af50adeebaf6709b015dc2dc6246be3319560eaa794,545580,597351942C,
1605700126,494e37ffd56ce9b232c7c7eb3bd598e6c041b36f324807bd24a1f52b3736cb63,324520,08514183X,#tree
1605701047,2b7d22a66f4e0752910f5b96f44ae2e6afe654323b1a83c0f7024b2d1162c623,815812,21708811L,#tree
1605717549,78b944a87b2e9c0564e79ebe49907b814a709874ebe8d6201dc50acb7c4e48be,57437,08108651B,another message
1605732682,4366993cf49a9aa6370975509596f47c989884ce01d63eb2d5c1a2b35e237a5a,538963,20984761A,#tree
1605739678,8fe45a164d56f724645df617c5411941288acbe2a34c6790bcd7aa11f399c453,617962,08825998X,
1605758258,b80c983504d94f3a0054a18b6b32858995e7e3856695caf92abcb3851bfd6b9a,331981,593111131Z,some message
1605758973,6b506c9d56746f2b12ff2403f076333a44d9e89a38054611bc5b31794bde072a,75090,251753338H,some message
1605766355,146a51300bf856bf9da51348169bfc74914ec7193864983be54de6c16469b72c,96723,08575773W,hugs and kisses
1605779252,78b944a87b2e9c0564e79ebe49907b814a709874ebe8d6201dc50acb7c4e48be,349523,20984761A,some message
1605785929,6f0b1f48766d598184a630a407b31fc4bbc6f6101c835738054d7f2b9cbd36f6,554343,42989511E,Msg! exactly 32 characters long!
1605790577,b0cd078d1d0dc3ef3e6976ebbcf80968c4f380281c484a10d397d63d9b46fb57,146050,81114111L,Msg! exactly 32 characters long!
1605792074,c91beeec35e223de291f1cc366605207ee272d15ce655217ea3e4602bc817f53,197580,08585645J,Msg! exactly 32 characters long!
1605800326,78b944a87b2e9c0564e79ebe49907b814a709874ebe8d6201dc50acb7c4e48be,604477,20982444W,
1605819231,8fe45a164d56f724645df617c5411941288acbe2a34c6790bcd7aa11f399c453,359629,42989511E,another message
1605827431,146a51300bf856bf9da51348169bfc74914ec7193864983be54de6c16469b72c,156304,88075711D,another message
1605829364,22922664fefa9da815f1bdddb4407b1150b62f060448be5946da4b0ec9eae2d3,269397,08551049A,hugs and kisses
1605830435,4cb5ad60b784f2b4fef941ad48401ac858c50668bc60b3412704ad706016aa4c,762931,215112888H,#tree
1605843561,b0c1bed6df92c77de491e05f4fd0ced4e67a228efc9e2301bac12454aff96efb,682168,08260838A,
1605870291,c2c845ada6858d1b0d8f35e99065710a04fcfa775dc95f32118a902250ce4779,782762,08552036J,another message
1605874523,9aaa6d09b7b8f49aa318939fd4ec7966031626dfb6e7e0c57e7fd74bb752accc,135687,597351942C,hugs and kisses
1605878719,eb6f7bdc561f53d17a50a61ca968fc6207fedf31fb62b31f6fab6b4221fffafa,827297,08263253A,another message
1605902091,88bc6313128bacded6751ea174a968c1c384d6fecdac3ef03720edf36d28ae2a,362392,87090011C,#tree
1605909894,f7e6725b7bcef18f3eb8f1d712924391fd1a70bc4cb2d0071efa56edce1badfe,751093,20988435W,hugs and kisses
1605914030,3df8536c1131409179bef48c65375f199cac31f062e0c098bbbdf20fc3f37404,100713,25932511,
1605936231,ab697795ae9fc82a51ad4e9f708109317cd5048b4f65e8a50b48b6000668137f,304058,44686811J,hugs and kisses
1605979322,4cb5ad60b784f2b4fef941ad48401ac858c50668bc60b3412704ad706016aa4c,692734,08113982K,another message
1605998201,266d60750b358418e881291df341d1754fa889f6f3a9c3b5e22f19773ddb6d65,545366,08113982K,
1606002831,ab697795ae9fc82a51ad4e9f708109317cd5048b4f65e8a50b48b6000668137f,587381,05826711W,Msg! exactly 32 characters long!
1606027285,c030f589a586fee3d7e3552443a103498546c7252eb2815b2c0246208872fdd6,472802,251616922C,hugs and kisses
1606030510,266d60750b358418e881291df341d1754fa889f6f3a9c3b5e22f19773ddb6d65,166009,251616922C,hugs and kisses
1606039942,eff5ecb70471a2c275cf873f877372cc4171c487d6d79b348e22b1662483ab05,423738,20951951K,Msg! exactly 32 characters long!
1606041005,6c91e8f41d54d94ceea33af50adeebaf6709b015dc2dc6246be3319560eaa794,656915,215112888H,Msg! exactly 32 characters long!
1606057377,58686677679bfad1f925b9a97f001473917aa844780af85bf5591ae6c3f99a04,110592,590615100R,another message
1606062703,accc0dacea6b7508efa83912de96f753066c23f0a5a42d6978786293df686dbc,955516,251925341R,another message
1606085803,266d60750b358418e881291df341d1754fa889f6f3a9c3b5e22f19773ddb6d65,576723,08263253A,some message
1606107689,cc073622edd561ddca9090557d719b6172e60ceb2ca91fb5a3696e924ef26e41,90073,05397611M,some message
1606108825,b80c983504d94f3a0054a18b6b32858995e7e3856695caf92abcb3851bfd6b9a,264046,42989511E,
1606127230,6adbcce5bd7b06b6964ef71b709d432c6804c958067de5321fafcab785bd1f77,958347,42989511E,Msg! exactly 32 characters long!
1606134506,fbdd32c2a8b634887b5a6cf53997279e6f9f45cb61ea465286412b261a4fb51b,235804,17032111E,some message
1606147182,c91beeec35e223de291f1cc366605207ee272d15ce655217ea3e4602bc817f53,505057,211755621K,Msg! exactly 32 characters long!
1606153348,a8e237d528453d0ea636e101d271702950f5618ba179d92447a8d8e028353622,335992,211611137W,another message
1606231907,6ec0fdf19f2f6ce4aa4c3334d07685a9292bd3864f8fbf32de8b64d0b8310dc0,471065,251212178E,another message
1606242598,8fe45a164d56f724645df617c5411941288acbe2a34c6790bcd7aa11f399c453,43938,20995803E,Msg! exactly 32 characters long!
1606263746,fbdd32c2a8b634887b5a6cf53997279e6f9f45cb61ea465286412b261a4fb51b,502732,20951951K,another message
1606266135,146a51300bf856bf9da51348169bfc74914ec7193864983be54de6c16469b72c,901602,88075711D,another message
1606267521,8f90d9085be66d94af41cf4eb705ab1eca169ad32eeb815083db0b1eeed1f66f,752937,05397611M,another message
1606275354,58686677679bfad1f925b9a97f001473917aa844780af85bf5591ae6c3f99a04,479157,597711707Z,Msg! exactly 32 characters long!
1606281649,6b506c9d56746f2b12ff2403f076333a44d9e89a38054611bc5b31794bde072a,843659,42989511E,#tree
1606295670,3df8536c1131409179bef48c65375f199cac31f062e0c098bbbdf20fc3f37404,738,08514183X,some message
1606295880,20867e05a643f9a8b8ef34310f672ec4049890b754be59d614b2cb17ef9066ce,579710,211811381D,Msg! exactly 32 characters long!
1606296619,d7a79bba8f88ccd32ab6cf9d622dca7a3594a3b009f90b86f74ace0d67b651e0,784934,251857320H,
1606300314,266d60750b358418e881291df341d1754fa889f6f3a9c3b5e22f19773ddb6d65,743042,251045507E,another message
1606315652,d7a79bba8f88ccd32ab6cf9d622dca7a3594a3b009f90b86f74ace0d67b651e0,702102,211012709M,
1606318421,6f0b1f48766d598184a630a407b31fc4bbc6f6101c835738054d7f2b9cbd36f6,12914,597712784N,another message
1606324470,d7a79bba8f88ccd32ab6cf9d622dca7a3594a3b009f90b86f74ace0d67b651e0,608968,251753338H,another message
1606339308,20867e05a643f9a8b8ef34310f672ec4049890b754be59d614b2cb17ef9066ce,49791,251456780H,
1606342447,88bc6313128bacded6751ea174a968c1c384d6fecdac3ef03720edf36d28ae2a,674450,08823423K,
1606347621,4cb5ad60b784f2b4fef941ad48401ac858c50668bc60b3412704ad706016aa4c,656406,20379520K,some message
1606348915,eff5ecb70471a2c275cf873f877372cc4171c487d6d79b348e22b1662483ab05,871877,20375058E,hugs and kisses
1606356230,4366993cf49a9aa6370975509596f47c989884ce01d63eb2d5c1a2b35e237a5a,803518,49320011K,
1606360001,f09595232da8dd7d13008dda6d27e55ab2756f49f3e7407f2f9ce2cb06362878,849660,08595773M,some message
1606372886,a7f4c31c67c8c307cefc669e27eb00be10ac9a9035613a5add08eae7d6b210f2,393114,82650911B,another message
1606376124,8f90d9085be66d94af41cf4eb705ab1eca169ad32eeb815083db0b1eeed1f66f,808494,82650911B,hugs and kisses
1606383145,3ca847ff0ccb6f312997af8986afcd49e5af33261c252ad18f1a07a1dc0772f8,27490,211212580E,#tree
1606392393,846038e7593cb374edcd810c9fc903164ec42b3375143f77ff6b18ba0da10c9d,17954,211811381D,another message
1606393113,eb6f7bdc561f53d17a50a61ca968fc6207fedf31fb62b31f6fab6b4221fffafa,815237,593810636E,some message
1606411156,8fe45a164d56f724645df617c5411941288acbe2a34c6790bcd7aa11f399c453,438721,211925558D,another message
1606415547,cd5e03049fc8cac860adcbe9ab5ec22ed4b33ddd5b242e42f12e37eb66b7652a,392380,42989511E,another message
1606424420,88bc6313128bacded6751ea174a968c1c384d6fecdac3ef03720edf36d28ae2a,617464,211212580E,some message
1606429208,615315bb21a2de3b26552851dd9914c7cb4b3d9662208bbe3d38251d25539e1c,442249,08113982K,some message
1606442839,846038e7593cb374edcd810c9fc903164ec42b3375143f77ff6b18ba0da10c9d,711931,599751441N,some message
1606455589,e6e6192b0e9bbda2e2812aaf499c35f0961d43ce6d51086f07de660fbea190ad,213783,08551049A,
1606473429,e6e6192b0e9bbda2e2812aaf499c35f0961d43ce6d51086f07de660fbea190ad,433210,T13LL1384G,#tree
1606474309,494e37ffd56ce9b232c7c7eb3bd598e6c041b36f324807bd24a1f52b3736cb63,587050,251521007R,some message
1606492164,846038e7593cb374edcd810c9fc903164ec42b3375143f77ff6b18ba0da10c9d,626125,597351942C,hugs and kisses
1606500926,8f90d9085be66d94af41cf4eb705ab1eca169ad32eeb815083db0b1eeed1f66f,28376,08551049A,
1606501453,58686677679bfad1f925b9a97f001473917aa844780af85bf5591ae6c3f99a04,961248,20960895E,some message
1606528004,b0c1bed6df92c77de491e05f4fd0ced4e67a228efc9e2301bac12454aff96efb,142763,20320752J,hugs and kisses
1606534421,146a51300bf856bf9da51348169bfc74914ec7193864983be54de6c16469b72c,208980,08113982K,#tree
1606537423,27780a6c932d0acedd2a455049c86fbbf6c34318d379c186deafe024b8f9c6c5,147155,08171224W,another message
1606551325,8fe45a164d56f724645df617c5411941288acbe2a34c6790bcd7aa11f399c453,378965,20390046B,#tree
1606553907,accc0dacea6b7508efa83912de96f753066c23f0a5a42d6978786293df686dbc,200331,87090011C,hugs and kisses
1606567283,9aaa6d09b7b8f49aa318939fd4ec7966031626dfb6e7e0c57e7fd74bb752accc,826030,25932511,Msg! exactly 32 characters long!
1606584006,58686677679bfad1f925b9a97f001473917aa844780af85bf5591ae6c3f99a04,413743,251456780H,
1606584256,22922664fefa9da815f1bdddb4407b1150b62f060448be5946da4b0ec9eae2d3,570282,42989511E,#tree
1606597848,266d60750b358418e881291df341d1754fa889f6f3a9c3b5e22f19773ddb6d65,564401,20379520K,hugs and kisses
1606603334,4cb5ad60b784f2b4fef941ad48401ac858c50668bc60b3412704ad706016aa4c,630717,T57LL1146H,another message
1606627535,9aaa6d09b7b8f49aa318939fd4ec7966031626dfb6e7e0c57e7fd74bb752accc,217537,08823423K,hugs and kisses
1606629482,266d60750b358418e881291df341d1754fa889f6f3a9c3b5e22f19773ddb6d65,821460,81114111L,another message
1606630699,58686677679bfad1f925b9a97f001473917aa844780af85bf5591ae6c3f99a04,331577,211352206R,some message
1606638453,9aaa6d09b7b8f49aa318939fd4ec7966031626dfb6e7e0c57e7fd74bb752accc,614006,08274595M,hugs and kisses
1606647091,9aaa6d09b7b8f49aa318939fd4ec7966031626dfb6e7e0c57e7fd74bb752accc,392933,251753338H,
1606662653,3ca847ff0ccb6f312997af8986afcd49e5af33261c252ad18f1a07a1dc0772f8,43082,251521007R,another message
1606668903,6adbcce5bd7b06b6964ef71b709d432c6804c958067de5321fafcab785bd1f77,988675,08514183X,hugs and kisses
1606676482,c2c845ada6858d1b0d8f35e99065710a04fcfa775dc95f32118a902250ce4779,429571,599411133G,
1606683986,b0c1bed6df92c77de491e05f4fd0ced4e67a228efc9e2301bac12454aff96efb,564487,251925341R,Msg! exactly 32 characters long!
1606692635,6adbcce5bd7b06b6964ef71b709d432c6804c958067de5321fafcab785bd1f77,604615,26679711L,
1606715881,59b71f85dc76920e19e00f336eb72b183f434c0c37431c1f464fc4eaf5862047,324231,599116551G,#tree
1606725946,3df8536c1131409179bef48c65375f199cac31f062e0c098bbbdf20fc3f37404,164503,251045507E,
1606743368,d7a79bba8f88ccd32ab6cf9d622dca7a3594a3b009f90b86f74ace0d67b651e0,296863,20375058E,#tree
1606747873,58686677679bfad1f925b9a97f001473917aa844780af85bf5591ae6c3f99a04,910566,211218465Z,some message
1606752475,cc073622edd561ddca9090557d719b6172e60ceb2ca91fb5a3696e924ef26e41,753640,08566261L,#tree
1606775994,58686677679bfad1f925b9a97f001473917aa844780af85bf5591ae6c3f99a04,673241,251828852W,some message
1606776661,8fe45a164d56f724645df617c5411941288acbe2a34c6790bcd7aa11f399c453,958397,597351942C,another message
1606786893,b0c1bed6df92c77de491e05f4fd0ced4e67a228efc9e2301bac12454aff96efb,669316,211012709M,#tree
1606804970,eff5ecb70471a2c275cf873f877372cc4171c487d6d79b348e22b1662483ab05,809136,599116551G,Msg! exactly 32 characters long!
1606820478,2b7d22a66f4e0752910f5b96f44ae2e6afe654323b1a83c0f7024b2d1162c623,864714,08260838A,Msg! exactly 32 characters long!
1606823233,eb6f7bdc561f53d17a50a61ca968fc6207fedf31fb62b31f6fab6b4221fffafa,303118,08823423K,hugs and kisses
1606823920,d32277f010ee143c89d762d674bb583075bda9627605a3a8eacc656ba972c673,349373,08582839K,
1606852637,6b506c9d56746f2b12ff2403f076333a44d9e89a38054611bc5b31794bde072a,794384,08585645J,hugs and kisses
1606869539,b0cd078d1d0dc3ef3e6976ebbcf80968c4f380281c484a10d397d63d9b46fb57,6415,T50LL2188J,some message
1606872396,eff5ecb70471a2c275cf873f877372cc4171c487d6d79b348e22b1662483ab05,944837,211611137W,hugs and kisses
1606873573,eb6f7bdc561f53d17a50a61ca968fc6207fedf31fb62b31f6fab6b4221fffafa,918292,87090011C,#tree
1606879368,6b506c9d56746f2b12ff2403f076333a44d9e89a38054611bc5b31794bde072a,246039,251925341R,hugs and kisses
1606886540,2b7d22a66f4e0752910f5b96f44ae2e6afe654323b1a83c0f7024b2d1162c623,409017,08575773W,Msg! exactly 32 characters long!
1606915698,f09595232da8dd7d13008dda6d27e55ab2756f49f3e7407f2f9ce2cb06362878,246214,08575773W,#tree
1606933005,dda0ee653a8d5b4c50e11dd6cd04e22c0856e89100aed75a011dc028403cef60,75567,251384260M,#tree
1606944010,846038e7593cb374edcd810c9fc903164ec42b3375143f77ff6b18ba0da10c9d,689925,599116551G,some message
1606963694,accc0dacea6b7508efa83912de96f753066c23f0a5a42d6978786293df686dbc,306008,08113982K,some message
1606965229,c030f589a586fee3d7e3552443a103498546c7252eb2815b2c0246208872fdd6,316761,08514183X,Msg! exactly 32 characters long!
1606967600,eff5ecb70471a2c275cf873f877372cc4171c487d6d79b348e22b1662483ab05,643671,08551049A,#tree
1606982786,f7e6725b7bcef18f3eb8f1d712924391fd1a70bc4cb2d0071efa56edce1badfe,243099,81114111L,#tree
1607005462,6adbcce5bd7b06b6964ef71b709d432c6804c958067de5321fafcab785bd1f77,121135,20996478B,Msg! exactly 32 characters long!
1607005888,3ca847ff0ccb6f312997af8986afcd49e5af33261c252ad18f1a07a1dc0772f8,256569,08108651B,#tree
1607007622,8fe45a164d56f724645df617c5411941288acbe2a34c6790bcd7aa11f399c453,806828,17032111E,Msg! exactly 32 characters long!
1607012921,3c940aa1e4b318394988e437ae91d5afdd5cb7250488078083bd9acc60de6609,283148,17032111E,another message
1607046095,eb6f7bdc561f53d17a50a61ca968fc6207fedf31fb62b31f6fab6b4221fffafa,79296,08566261L,another message
1607055517,b0c1bed6df92c77de491e05f4fd0ced4e67a228efc9e2301bac12454aff96efb,936938,211811381D,some message
1607056102,3ca847ff0ccb6f312997af8986afcd49e5af33261c252ad18f1a07a1dc0772f8,445447,590615100R,Msg! exactly 32 characters long!
1607063358,c91beeec35e223de291f1cc366605207ee272d15ce655217ea3e4602bc817f53,945108,20310483D,
1607077794,8ed8de40848d2a62583776c68b86e106a8680b359bf71f2637a0a7f47bfa9a0e,120760,44686811J,
1607087313,494e37ffd56ce9b232c7c7eb3bd598e6c041b36f324807bd24a1f52b3736cb63,898124,87090011C,some message
1607087869,3c940aa1e4b318394988e437ae91d5afdd5cb7250488078083bd9acc60de6609,42772,81114111L,#tree
1607088357,cc073622edd561ddca9090557d719b6172e60ceb2ca91fb5a3696e924ef26e41,758905,597812506Z,#tree
1607093239,266d60750b358418e881291df341d1754fa889f6f3a9c3b5e22f19773ddb6d65,346484,20310483D,Msg! exactly 32 characters long!
1607107273,6b506c9d56746f2b12ff2403f076333a44d9e89a38054611bc5b31794bde072a,354788,20988435W,hugs and kisses
1607126971,9aaa6d09b7b8f49aa318939fd4ec7966031626dfb6e7e0c57e7fd74bb752accc,835332,597712784N,Msg! exactly 32 characters long!
1607134496,9aaa6d09b7b8f49aa318939fd4ec7966031626dfb6e7e0c57e7fd74bb752accc,369929,08566261L,Msg! exactly 32 characters long!
1607134790,20867e05a643f9a8b8ef34310f672ec4049890b754be59d614b2cb17ef9066ce,420384,08552036J,#tree
1607145319,3df8536c1131409179bef48c65375f199cac31f062e0c098bbbdf20fc3f37404,111059,08514183X,some message
1607159827,e6e6192b0e9bbda2e2812aaf499c35f0961d43ce6d51086f07de660fbea190ad,982339,211913743C,hugs and kisses
1607171566,eb6f7bdc561f53d17a50a61ca968fc6207fedf31fb62b31f6fab6b4221fffafa,883033,26679711L,#tree
1607203407,ab697795ae9fc82a51ad4e9f708109317cd5048b4f65e8a50b48b6000668137f,162735,20379520K,another message
1607212102,846038e7593cb374edcd810c9fc903164ec42b3375143f77ff6b18ba0da10c9d,990036,599751441N,#tree
1607223147,fbdd32c2a8b634887b5a6cf53997279e6f9f45cb61ea465286412b261a4fb51b,952691,08852581B,some message
1607228601,8fe45a164d56f724645df617c5411941288acbe2a34c6790bcd7aa11f399c453,692807,87090011C,
1607264012,59b71f85dc76920e19e00f336eb72b183f434c0c37431c1f464fc4eaf5862047,362386,88075711D,
1607278045,494e37ffd56ce9b232c7c7eb3bd598e6c041b36f324807bd24a1f52b3736cb63,290977,211722521M,hugs and kisses
1607278544,ab697795ae9fc82a51ad4e9f708109317cd5048b4f65e8a50b48b6000668137f,195607,20310483D,some message
1607281975,88bc6313128bacded6751ea174a968c1c384d6fecdac3ef03720edf36d28ae2a,212887,211722521M,
1607291810,6ec0fdf19f2f6ce4aa4c3334d07685a9292bd3864f8fbf32de8b64d0b8310dc0,442332,251616922C,
1607296326,22922664fefa9da815f1bdddb4407b1150b62f060448be5946da4b0ec9eae2d3,941004,211755621K,#tree
1607330156,27780a6c932d0acedd2a455049c86fbbf6c34318d379c186deafe024b8f9c6c5,471282,08590093B,Msg! exactly 32 characters long!
1607352937,ab697795ae9fc82a51ad4e9f708109317cd5048b4f65e8a50b48b6000668137f,267355,20996478B,Msg! exactly 32 characters long!
1607360537,b0c1bed6df92c77de491e05f4fd0ced4e67a228efc9e2301bac12454aff96efb,258089,251015178W,#tree
1607367844,accc0dacea6b7508efa83912de96f753066c23f0a5a42d6978786293df686dbc,971000,17307511J,Msg! exactly 32 characters long!
1607379854,7cd67fd4cd2ba007bbda9b0a4429ffc74c85de00e7f1b01fdfecf8c3af88f074,38946,20995803E,some message
1607381179,8fe45a164d56f724645df617c5411941288acbe2a34c6790bcd7aa11f399c453,652253,20960895E,
1607387657,8fe45a164d56f724645df617c5411941288acbe2a34c6790bcd7aa11f399c453,126592,20988435W,#tree
1607390662,eb6f7bdc561f53d17a50a61ca968fc6207fedf31fb62b31f6fab6b4221fffafa,489345,T50LL2188J,#tree
1607403142,6ec0fdf19f2f6ce4aa4c3334d07685a9292bd3864f8fbf32de8b64d0b8310dc0,245266,08575773W,#tree
1607413030,b0c1bed6df92c77de491e05f4fd0ced4e67a228efc9e2301bac12454aff96efb,467010,08514183X,some message
1607421020,3ca847ff0ccb6f312997af8986afcd49e5af33261c252ad18f1a07a1dc0772f8,439055,597812506Z,#tree
1607427161,59b71f85dc76920e19e00f336eb72b183f434c0c37431c1f464fc4eaf5862047,789999,08590093B,hugs and kisses
1607434942,59b71f85dc76920e19e00f336eb72b183f434c0c37431c1f464fc4eaf5862047,917068,49320011K,hugs and kisses
1607455784,eb6f7bdc561f53d17a50a61ca968fc6207fedf31fb62b31f6fab6b4221fffafa,985350,08575773W,
1607470067,266d60750b358418e881291df341d1754fa889f6f3a9c3b5e22f19773ddb6d65,804386,211925558D,Msg! exactly 32 characters long!
1607475471,f7e6725b7bcef18f3eb8f1d712924391fd1a70bc4cb2d0071efa56edce1badfe,746549,20379520K,
1607479198,6adbcce5bd7b06b6964ef71b709d432c6804c958067de5321fafcab785bd1f77,947590,08298327E,hugs and kisses
1607490909,c2c845ada6858d1b0d8f35e99065710a04fcfa775dc95f32118a902250ce4779,599294,08295369W,another message
1607497917,b0cd078d1d0dc3ef3e6976ebbcf80968c4f380281c484a10d397d63d9b46fb57,870161,20996478B,Msg! exactly 32 characters long!
1607508629,b0c1bed6df92c77de491e05f4fd0ced4e67a228efc9e2301bac12454aff96efb,283274,20375058E,#tree
1607551062,615315bb21a2de3b26552851dd9914c7cb4b3d9662208bbe3d38251d25539e1c,116852,20996478B,some message
1607554169,3ca847ff0ccb6f312997af8986afcd49e5af33261c252ad18f1a07a1dc0772f8,131241,81114111L,another message
1607554370,3df8536c1131409179bef48c65375f199cac31f062e0c098bbbdf20fc3f37404,504812,211611137W,hugs and kisses
1607555501,d7a79bba8f88ccd32ab6cf9d622dca7a3594a3b009f90b86f74ace0d67b651e0,532715,08551049A,
1607559653,d32277f010ee143c89d762d674bb583075bda9627605a3a8eacc656ba972c673,230906,20344776M,
1607576502,846038e7593cb374edcd810c9fc903164ec42b3375143f77ff6b18ba0da10c9d,591595,08566261L,another message
1607577853,9aaa6d09b7b8f49aa318939fd4ec7966031626dfb6e7e0c57e7fd74bb752accc,824412,08552036J,
1607599856,27780a6c932d0acedd2a455049c86fbbf6c34318d379c186deafe024b8f9c6c5,846791,08106036B,hugs and kisses
1607609491,4cb5ad60b784f2b4fef941ad48401ac858c50668bc60b3412704ad706016aa4c,14390,251925341R,hugs and kisses
1607616136,3c940aa1e4b318394988e437ae91d5afdd5cb7250488078083bd9acc60de6609,781847,211212580E,hugs and kisses
1607619995,2b7d22a66f4e0752910f5b96f44ae2e6afe654323b1a83c0f7024b2d1162c623,627285,590615100R,
1607651659,c91beeec35e223de291f1cc366605207ee272d15ce655217ea3e4602bc817f53,226130,251857320H,#tree
1607665457,78b944a87b2e9c0564e79ebe49907b814a709874ebe8d6201dc50acb7c4e48be,695982,05826711W,
1607675288,fbdd32c2a8b634887b5a6cf53997279e6f9f45cb61ea465286412b261a4fb51b,382254,251521007R,some message
1607682128,e6e6192b0e9bbda2e2812aaf499c35f0961d43ce6d51086f07de660fbea190ad,698032,251212178E,another message
1607688467,146a51300bf856bf9da51348169bfc74914ec7193864983be54de6c16469b72c,630525,81114111L,hugs and kisses
1607689934,8f90d9085be66d94af41cf4eb705ab1eca169ad32eeb815083db0b1eeed1f66f,339277,82650911B,#tree
1607690995,ab697795ae9fc82a51ad4e9f708109317cd5048b4f65e8a50b48b6000668137f,918748,08852581B,some message
1607696445,6adbcce5bd7b06b6964ef71b709d432c6804c958067de5321fafcab785bd1f77,502507,211352206R,some message
1607720819,3df8536c1131409179bef48c65375f199cac31f062e0c098bbbdf20fc3f37404,11718,T13LL1384G,another message
1607724793,f7e6725b7bcef18f3eb8f1d712924391fd1a70bc4cb2d0071efa56edce1badfe,909664,20318638A,Msg! exactly 32 characters long!
1607725493,8ed8de40848d2a62583776c68b86e106a8680b359bf71f2637a0a7f47bfa9a0e,923489,20984761A,
1607733818,6adbcce5bd7b06b6964ef71b709d432c6804c958067de5321fafcab785bd1f77,658752,251045507E,some message
1607735742,146a51300bf856bf9da51348169bfc74914ec7193864983be54de6c16469b72c,408952,251013214E,some message
1607746692,ab697795ae9fc82a51ad4e9f708109317cd5048b4f65e8a50b48b6000668137f,344561,20375058E,
1607748925,266d60750b358418e881291df341d1754fa889f6f3a9c3b5e22f19773ddb6d65,315817,251015178W,Msg! exactly 32 characters long!
1607765318,eff5ecb70471a2c275cf873f877372cc4171c487d6d79b348e22b1662483ab05,88079,20936926L,another message
1607765689,58686677679bfad1f925b9a97f001473917aa844780af85bf5591ae6c3f99a04,25078,211811381D,hugs and kisses
1607812111,3ca847ff0ccb6f312997af8986afcd49e5af33261c252ad18f1a07a1dc0772f8,911670,20988435W,Msg! exactly 32 characters long!
1607813849,59b71f85dc76920e19e00f336eb72b183f434c0c37431c1f464fc4eaf5862047,487564,215112888H,#tree
1607829624,3df8536c1131409179bef48c65375f199cac31f062e0c098bbbdf20fc3f37404,887214,20375058E,#tree
1607838670,f09595232da8dd7d13008dda6d27e55ab2756f49f3e7407f2f9ce2cb06362878,353856,T50LL2188J,hugs and kisses
1607851805,8f90d9085be66d94af41cf4eb705ab1eca169ad32eeb815083db0b1eeed1f66f,731728,T50LL2188J,
1607853371,d6ce454d2df68fd2fc9af7126847a81ea9d04c9f2d0d7215014f87697969cd7d,614164,251384260M,Msg! exactly 32 characters long!
1607869075,ab697795ae9fc82a51ad4e9f708109317cd5048b4f65e8a50b48b6000668137f,407546,251828852W,#tree
1607872171,eff5ecb70471a2c275cf873f877372cc4171c487d6d79b348e22b1662483ab05,586116,211012709M,another message
1607892165,8f90d9085be66d94af41cf4eb705ab1eca169ad32eeb815083db0b1eeed1f66f,117273,08582839K,#tree
1607894096,b80c983504d94f3a0054a18b6b32858995e7e3856695caf92abcb3851bfd6b9a,98093,08825998X,Msg! exactly 32 characters long!
1607898150,eb6f7bdc561f53d17a50a61ca968fc6207fedf31fb62b31f6fab6b4221fffafa,548071,20375058E,Msg! exactly 32 characters long!
1607904589,3df8536c1131409179bef48c65375f199cac31f062e0c098bbbdf20fc3f37404,360100,08852581B,#tree
1607914844,d6ce454d2df68fd2fc9af7126847a81ea9d04c9f2d0d7215014f87697969cd7d,653201,211352206R,
1607934014,fbdd32c2a8b634887b5a6cf53997279e6f9f45cb61ea465286412b261a4fb51b,164443,599751441N,
1607943879,dda0ee653a8d5b4c50e11dd6cd04e22c0856e89100aed75a011dc028403cef60,893640,20310483D,Msg! exactly 32 characters long!
1607953411,eff5ecb70471a2c275cf873f877372cc4171c487d6d79b348e22b1662483ab05,549602,08590093B,some message
1607956240,fbdd32c2a8b634887b5a6cf53997279e6f9f45cb61ea465286412b261a4fb51b,338708,211925558D,Msg! exactly 32 characters long!
1607960940,e6e6192b0e9bbda2e2812aaf499c35f0961d43ce6d51086f07de660fbea190ad,377784,597351942C,hugs and kisses
1607964931,cd5e03049fc8cac860adcbe9ab5ec22ed4b33ddd5b242e42f12e37eb66b7652a,347128,211722521M,another message
1607974572,e6e6192b0e9bbda2e2812aaf499c35f0961d43ce6d51086f07de660fbea190ad,388147,08590093B,
1607979249,7cd67fd4cd2ba007bbda9b0a4429ffc74c85de00e7f1b01fdfecf8c3af88f074,194401,251126562K,some message
1607980098,6ec0fdf19f2f6ce4aa4c3334d07685a9292bd3864f8fbf32de8b64d0b8310dc0,188605,211212580E,some message
1607985280,fbdd32c2a8b634887b5a6cf53997279e6f9f45cb61ea465286412b261a4fb51b,908066,08514183X,
1607987996,4366993cf49a9aa6370975509596f47c989884ce01d63eb2d5c1a2b35e237a5a,685213,08260838A,hugs and kisses
1607992159,ab697795ae9fc82a51ad4e9f708109317cd5048b4f65e8a50b48b6000668137f,671985,251521007R,hugs and kisses
1607997961,8fe45a164d56f724645df617c5411941288acbe2a34c6790bcd7aa11f399c453,414147,211722521M,hugs and kisses
1608015585,6f0b1f48766d598184a630a407b31fc4bbc6f6101c835738054d7f2b9cbd36f6,564160,08590093B,some message
1608017175,e6e6192b0e9bbda2e2812aaf499c35f0961d43ce6d51086f07de660fbea190ad,268672,08171224W,another message
1608028746,b0c1bed6df92c77de491e05f4fd0ced4e67a228efc9e2301bac12454aff96efb,590841,08575773W,
1608035385,a8e237d528453d0ea636e101d271702950f5618ba179d92447a8d8e028353622,417749,08260838A,Msg! exactly 32 characters long!
1608037585,ab697795ae9fc82a51ad4e9f708109317cd5048b4f65e8a50b48b6000668137f,606437,211352206R,
1608044078,7cd67fd4cd2ba007bbda9b0a4429ffc74c85de00e7f1b01fdfecf8c3af88f074,97970,597711707Z,Msg! exactly 32 characters long!
1608075219,7cd67fd4cd2ba007bbda9b0a4429ffc74c85de00e7f1b01fdfecf8c3af88f074,262115,05397611M,another message
1608089314,a7f4c31c67c8c307cefc669e27eb00be10ac9a9035613a5add08eae7d6b210f2,538686,251753338H,another message
1608104113,7cd67fd4cd2ba007bbda9b0a4429ffc74c85de00e7f1b01fdfecf8c3af88f074,782910,599116551G,hugs and kisses
1608108072,a8e237d528453d0ea636e101d271702950f5618ba179d92447a8d8e028353622,702070,211319335D,hugs and kisses
1608133910,27780a6c932d0acedd2a455049c86fbbf6c34318d379c186deafe024b8f9c6c5,537336,211755621K,
1608163565,58686677679bfad1f925b9a97f001473917aa844780af85bf5591ae6c3f99a04,796023,05826711W,another message
1608176690,ab697795ae9fc82a51ad4e9f708109317cd5048b4f65e8a50b48b6000668137f,440848,251828852W,some message
1608200144,846038e7593cb374edcd810c9fc903164ec42b3375143f77ff6b18ba0da10c9d,335583,08523597C,Msg! exactly 32 characters long!
1608201074,f7e6725b7bcef18f3eb8f1d712924391fd1a70bc4cb2d0071efa56edce1badfe,95262,08566261L,another message
1608217832,4cb5ad60b784f2b4fef941ad48401ac858c50668bc60b3412704ad706016aa4c,204348,597711707Z,another message
1608219545,7cd67fd4cd2ba007bbda9b0a4429ffc74c85de00e7f1b01fdfecf8c3af88f074,204809,08552036J,#tree
1608220300,8ed8de40848d2a62583776c68b86e106a8680b359bf71f2637a0a7f47bfa9a0e,365155,08852581B,#tree
1608239137,ab697795ae9fc82a51ad4e9f708109317cd5048b4f65e8a50b48b6000668137f,880593,251126562K,Msg! exactly 32 characters long!
1608273279,dda0ee653a8d5b4c50e11dd6cd04e22c0856e89100aed75a011dc028403cef60,931054,211012709M,another message
1608279129,6adbcce5bd7b06b6964ef71b709d432c6804c958067de5321fafcab785bd1f77,669763,211755621K,some message
1608304048,ab697795ae9fc82a51ad4e9f708109317cd5048b4f65e8a50b48b6000668137f,272088,26679711L,hugs and kisses
1608305681,c91beeec35e223de291f1cc366605207ee272d15ce655217ea3e4602bc817f53,130120,17307511J,Msg! exactly 32 characters long!
1608308639,eb6f7bdc561f53d17a50a61ca968fc6207fedf31fb62b31f6fab6b4221fffafa,932919,251013214E,
1608309867,6adbcce5bd7b06b6964ef71b709d432c6804c958067de5321fafcab785bd1f77,613200,08274595M,#tree
1608314481,a8e237d528453d0ea636e101d271702950f5618ba179d92447a8d8e028353622,314018,88075711D,
1608342373,cc073622edd561ddca9090557d719b6172e60ceb2ca91fb5a3696e924ef26e41,881063,20936926L,
1608353761,c030f589a586fee3d7e3552443a103498546c7252eb2815b2c0246208872fdd6,46403,211925558D,Msg! exactly 32 characters long!
1608353983,8f90d9085be66d94af41cf4eb705ab1eca169ad32eeb815083db0b1eeed1f66f,712999,26679711L,Msg! exactly 32 characters long!
1608362611,eff5ecb70471a2c275cf873f877372cc4171c487d6d79b348e22b1662483ab05,713539,251456780H,another message
1608377388,c030f589a586fee3d7e3552443a103498546c7252eb2815b2c0246208872fdd6,235920,20318638A,
1608381621,7cd67fd4cd2ba007bbda9b0a4429ffc74c85de00e7f1b01fdfecf8c3af88f074,402617,251126562K,Msg! exactly 32 characters long!
1608381885,cd5e03049fc8cac860adcbe9ab5ec22ed4b33ddd5b242e42f12e37eb66b7652a,3261,251511413M,Msg! exactly 32 characters long!
1608383027,eff5ecb70471a2c275cf873f877372cc4171c487d6d79b348e22b1662483ab05,185514,215112888H,some message
1608390095,eb6f7bdc561f53d17a50a61ca968fc6207fedf31fb62b31f6fab6b4221fffafa,208716,49320011K,another message
1608392648,6c91e8f41d54d94ceea33af50adeebaf6709b015dc2dc6246be3319560eaa794,174521,08106036B,Msg! exactly 32 characters long!
1608396972,accc0dacea6b7508efa83912de96f753066c23f0a5a42d6978786293df686dbc,895703,211218465Z,another message
1608397350,615315bb21a2de3b26552851dd9914c7cb4b3d9662208bbe3d38251d25539e1c,202743,20988435W,Msg! exactly 32 characters long!
1608434967,e6e6192b0e9bbda2e2812aaf499c35f0961d43ce6d51086f07de660fbea190ad,69435,08551049A,Msg! exactly 32 characters long!
1608446203,c91beeec35e223de291f1cc366605207ee272d15ce655217ea3e4602bc817f53,33349,251828852W,Msg! exactly 32 characters long!
1608450345,2b7d22a66f4e0752910f5b96f44ae2e6afe654323b1a83c0f7024b2d1162c623,753676,211755621K,#tree
1608463471,3c940aa1e4b318394988e437ae91d5afdd5cb7250488078083bd9acc60de6609,420211,597712784N,#tree
1608477377,d7a79bba8f88ccd32ab6cf9d622dca7a3594a3b009f90b86f74ace0d67b651e0,464787,599751441N,
1608479128,8ed8de40848d2a62583776c68b86e106a8680b359bf71f2637a0a7f47bfa9a0e,832587,251616922C,Msg! exactly 32 characters long!
1608508736,88bc6313128bacded6751ea174a968c1c384d6fecdac3ef03720edf36d28ae2a,345121,20390046B,some message
1608531607,6adbcce5bd7b06b6964ef71b709d432c6804c958067de5321fafcab785bd1f77,760143,211611137W,hugs and kisses
1608535003,3ca847ff0ccb6f312997af8986afcd49e5af33261c252ad18f1a07a1dc0772f8,991597,20320752J,hugs and kisses
1608541088,eff5ecb70471a2c275cf873f877372cc4171c487d6d79b348e22b1662483ab05,122807,20375058E,
1608545036,d7a79bba8f88ccd32ab6cf9d622dca7a3594a3b009f90b86f74ace0d67b651e0,513238,20984761A,another message
1608550925,146a51300bf856bf9da51348169bfc74914ec7193864983be54de6c16469b72c,854605,20960895E,#tree
1608572140,c91beeec35e223de291f1cc366605207ee272d15ce655217ea3e4602bc817f53,327701,08566261L,#tree
1608590466,b0cd078d1d0dc3ef3e6976ebbcf80968c4f380281c484a10d397d63d9b46fb57,321668,17032111E,hugs and kisses
1608591747,59b71f85dc76920e19e00f336eb72b183f434c0c37431c1f464fc4eaf5862047,140683,20318638A,some message
1608600563,f7e6725b7bcef18f3eb8f1d712924391fd1a70bc4cb2d0071efa56edce1badfe,557449,211012709M,hugs and kisses
1608610998,d7a79bba8f88ccd32ab6cf9d622dca7a3594a3b009f90b86f74ace0d67b651e0,12648,25932511,some message
1608642868,4366993cf49a9aa6370975509596f47c989884ce01d63eb2d5c1a2b35e237a5a,704237,17307511J,Msg! exactly 32 characters long!
1608650607,d32277f010ee143c89d762d674bb583075bda9627605a3a8eacc656ba972c673,884205,08582839K,another message
1608653860,846038e7593cb374edcd810c9fc903164ec42b3375143f77ff6b18ba0da10c9d,982917,211352206R,Msg! exactly 32 characters long!
1608655704,a8e237d528453d0ea636e101d271702950f5618ba179d92447a8d8e028353622,179669,17307511J,some message
1608670300,e6e6192b0e9bbda2e2812aaf499c35f0961d43ce6d51086f07de660fbea190ad,114604,597351942C,Msg! exactly 32 characters long!
1608691475,b0c1bed6df92c77de491e05f4fd0ced4e67a228efc9e2301bac12454aff96efb,363411,211212580E,some message
1608693629,6c91e8f41d54d94ceea33af50adeebaf6709b015dc2dc6246be3319560eaa794,290767,597351942C,another message
1608708983,78b944a87b2e9c0564e79ebe49907b814a709874ebe8d6201dc50acb7c4e48be,839823,593111131Z,another message
1608725541,eff5ecb70471a2c275cf873f877372cc4171c487d6d79b348e22b1662483ab05,75074,08274595M,Msg! exactly 32 characters long!
1608732028,6adbcce5bd7b06b6964ef71b709d432c6804c958067de5321fafcab785bd1f77,909813,08514183X,some message
1608743138,cd5e03049fc8cac860adcbe9ab5ec22ed4b33ddd5b242e42f12e37eb66b7652a,253219,08575773W,another message
1608762272,27780a6c932d0acedd2a455049c86fbbf6c34318d379c186deafe024b8f9c6c5,974144,593111131Z,another message
1608778680,20867e05a643f9a8b8ef34310f672ec4049890b754be59d614b2cb17ef9066ce,656994,08216574L,another message
1608804964,59b71f85dc76920e19e00f336eb72b183f434c0c37431c1f464fc4eaf5862047,436283,25932511,some message
1608812773,494e37ffd56ce9b232c7c7eb3bd598e6c041b36f324807bd24a1f52b3736cb63,169366,211722521M,some message
1608815754,88bc6313128bacded6751ea174a968c1c384d6fecdac3ef03720edf36d28ae2a,823475,20320752J,
1608819429,e6e6192b0e9bbda2e2812aaf499c35f0961d43ce6d51086f07de660fbea190ad,39049,20960895E,another message
1608828817,d6ce454d2df68fd2fc9af7126847a81ea9d04c9f2d0d7215014f87697969cd7d,214400,251212178E,Msg! exactly 32 characters long!
1608834838,22922664fefa9da815f1bdddb4407b1150b62f060448be5946da4b0ec9eae2d3,756031,21708811L,hugs and kisses
1608837402,22922664fefa9da815f1bdddb4407b1150b62f060448be5946da4b0ec9eae2d3,52225,88075711D,some message
1608852277,b80c983504d94f3a0054a18b6b32858995e7e3856695caf92abcb3851bfd6b9a,607954,14945711B,some message
1608864259,cd5e03049fc8cac860adcbe9ab5ec22ed4b33ddd5b242e42f12e37eb66b7652a,714106,251045507E,another message
1608881787,8fe45a164d56f724645df617c5411941288acbe2a34c6790bcd7aa11f399c453,510640,08825998X,
1608882881,615315bb21a2de3b26552851dd9914c7cb4b3d9662208bbe3d38251d25539e1c,211335,251126562K,#tree
1608895849,615315bb21a2de3b26552851dd9914c7cb4b3d9662208bbe3d38251d25539e1c,296242,08566261L,Msg! exactly 32 characters long!
1608897546,dda0ee653a8d5b4c50e11dd6cd04e22c0856e89100aed75a011dc028403cef60,859794,17307511J,hugs and kisses
1608903585,78b944a87b2e9c0564e79ebe49907b814a709874ebe8d6201dc50acb7c4e48be,877134,25932511,
1608914802,a7f4c31c67c8c307cefc669e27eb00be10ac9a9035613a5add08eae7d6b210f2,795129,251517728C,some message
1608923171,3df8536c1131409179bef48c65375f199cac31f062e0c098bbbdf20fc3f37404,381851,20379520K,#tree
1608926344,accc0dacea6b7508efa83912de96f753066c23f0a5a42d6978786293df686dbc,26865,251013214E,another message
1608926648,c030f589a586fee3d7e3552443a103498546c7252eb2815b2c0246208872fdd6,288304,20390046B,another message
1608940306,b0cd078d1d0dc3ef3e6976ebbcf80968c4f380281c484a10d397d63d9b46fb57,510248,21708811L,another message
1608969372,c91beeec35e223de291f1cc366605207ee272d15ce655217ea3e4602bc817f53,845039,20375058E,another message
1608970115,eff5ecb70471a2c275cf873f877372cc4171c487d6d79b348e22b1662483ab05,117169,20318638A,hugs and kisses