time,nric,transaction,charity,message
1603721084,S0000034Z,955008,251828852W,Msg! exactly 32 characters long!
1603722896,S0000028Z,837668,05826711W,some message
1603725573,S0000045Z,837988,599751441N,#tree
1603728760,S0000041Z,816436,20936926L,
1603732259,S0000046Z,335909,82650911B,
1603732732,S0000028Z,270530,08595773M,hugs and kisses
1603751342,S0000012Z,241405,05397611M,Msg! exactly 32 characters long!
1603771874,S0000032Z,241138,25932511,
1603796287,S0000014Z,723300,T13LL1384G,some message
1603796964,S0000007Z,579071,599116551G,hugs and kisses
1603806312,S0000023Z,300971,20936926L,hugs and kisses
1603807176,S0000009Z,515295,08171224W,
1603824568,S0000004Z,269342,25932511,#tree
1603835809,S0000031Z,561971,08852581B,Msg! exactly 32 characters long!
1603840940,S0000013Z,219690,49320011K,some message
1603853857,S0000002Z,703743,20936926L,
1603864984,S0000026Z,322187,251616922C,hugs and kisses
1603886194,S0000002Z,479776,17032111E,
1603892942,S0000028Z,942081,251928769W,
1603904302,S0000001Z,728478,211212580E,#tree
1603914254,S0000003Z,307297,81114111L,Msg! exactly 32 characters long!
1603914352,S0000042Z,136116,215112888H,
1603976893,S0000023Z,420047,08551049A,hugs and kisses
1603984633,S0000006Z,341553,211925558D,#tree
1603992607,S0000003Z,920440,T57LL1146H,#tree
1603998063,S0000036Z,303248,211913743C,another message
1604003566,S0000032Z,437265,82896111J,another message
1604014101,S0000040Z,419501,211913743C,hugs and kisses
1604025120,S0000023Z,429484,T57LL1146H,another message
1604032466,S0000018Z,903565,08585645J,#tree
1604035274,S0000010Z,596974,08113982K,
1604037700,S0000002Z,102684,08852581B,some message
1604040806,S0000018Z,280950,20951951K,hugs and kisses
1604044970,S0000015Z,561871,20390046B,hugs and kisses
1604053486,S0000048Z,517142,593810636E,
1604070646,S0000049Z,264128,08274595M,another message
1604070866,S0000044Z,354929,211012709M,some message
1604081467,S0000014Z,212970,T50LL2188J,some message
1604082378,S0000045Z,358504,T57LL1146H,
1604098616,S0000032Z,103811,21708811L,#tree
1604107063,S0000036Z,340731,593810636E,hugs and kisses
1604132684,S0000034Z,648742,211358204K,#tree
1604150953,S0000013Z,71858,49320011K,#tree
1604158325,S0000027Z,4244,251384260M,hugs and kisses
1604173504,S0000040Z,529777,251015178W,#tree
1604211937,S0000020Z,212251,82896111J,#tree
1604214059,S0000040Z,638648,211811381D,#tree
1604246595,S0000032Z,707501,20320752J,#tree
1604254590,S0000002Z,196943,251456780H,#tree
1604256799,S0000024Z,566443,21825311X,Msg! exactly 32 characters long!
1604261466,S0000045Z,621185,42989511E,some message
1604275166,S0000007Z,725472,20344776M,#tree
1604276787,S0000010Z,187354,20390046B,some message
1604297528,S0000017Z,786007,20960895E,Msg! exactly 32 characters long!
1604297783,S0000026Z,344193,251521007R,another message
1604307493,S0000024Z,978646,211212580E,#tree
1604314266,S0000046Z,615678,597812506Z,#tree
1604333721,S0000012Z,469165,251517728C,another message
1604335981,S0000048Z,424575,49320011K,#tree
1604341907,S0000027Z,762139,211352206R,Msg! exactly 32 characters long!
1604342516,S0000022Z,90725,08514183X,
1604349031,S0000008Z,494871,251456780H,some message
1604378039,S0000041Z,490327,20960895E,#tree
1604382786,S0000039Z,599670,17032111E,#tree
1604385374,S0000010Z,468172,590615100R,
1604386477,S0000012Z,706721,597351942C,
1604389030,S0000017Z,855411,08108651B,another message
1604389652,S0000034Z,215393,251384260M,some message
1604395988,S0000006Z,441764,08823423K,another message
1604400237,S0000014Z,447385,251616922C,
1604458148,S0000007Z,49135,251456780H,some message
1604460769,S0000028Z,373740,08171224W,#tree
1604461972,S0000007Z,486463,251015178W,some message
1604482358,S0000040Z,748419,251928769W,#tree
1604496402,S0000005Z,406026,251517728C,Msg! exactly 32 characters long!
1604506761,S0000026Z,603602,251015178W,another message
1604514479,S0000002Z,551767,42989511E,#tree
1604540100,S0000014Z,398006,88075711D,some message
1604562074,S0000016Z,149966,08823423K,another message
1604562395,S0000038Z,118088,08260838A,#tree
1604564216,S0000034Z,497161,20951951K,
1604578962,S0000036Z,10613,211012709M,#tree
1604580672,S0000022Z,228579,20951951K,#tree
1604587637,S0000000Z,109676,211012709M,some message
1604589720,S0000024Z,558948,251013214E,Msg! exactly 32 characters long!
1604589853,S0000033Z,856618,08595773M,another message
1604607065,S0000004Z,402273,251521007R,some message
1604611478,S0000022Z,433735,251925341R,Msg! exactly 32 characters long!
1604612264,S0000040Z,761715,08216574L,some message
1604612728,S0000033Z,621972,251511413M,Msg! exactly 32 characters long!
1604617702,S0000018Z,117177,20310483D,another message
1604642207,S0000045Z,258719,597351942C,hugs and kisses
1604644482,S0000045Z,446454,251828852W,another message
1604679306,S0000029Z,785644,08171224W,Msg! exactly 32 characters long!
1604704484,S0000015Z,254861,211925558D,Msg! exactly 32 characters long!
1604716025,S0000040Z,391541,20320752J,Msg! exactly 32 characters long!
1604722087,S0000025Z,723069,46235011E,Msg! exactly 32 characters long!
1604729666,S0000001Z,937532,08523597C,
1604742615,S0000024Z,80131,251828852W,hugs and kisses
1604773307,S0000016Z,763622,251126562K,some message
1604792484,S0000014Z,162524,08523597C,#tree
1604820543,S0000004Z,150825,17032111E,
1604834639,S0000024Z,754050,08106036B,hugs and kisses
1604876727,S0000047Z,904940,211611137W,another message
1604880259,S0000002Z,228347,08582839K,Msg! exactly 32 characters long!
1604886785,S0000005Z,394077,17032111E,hugs and kisses
1604896848,S0000002Z,22483,08514183X,hugs and kisses
1604898808,S0000049Z,337339,08823423K,
1604914466,S0000044Z,490811,08298327E,#tree
1604917242,S0000009Z,196216,08523597C,
1604941952,S0000016Z,412045,251928769W,
1604943287,S0000022Z,763683,20982444W,another message
1605017622,S0000015Z,964948,T50LL2188J,
1605026264,S0000012Z,570145,593810636E,another message
1605026907,S0000017Z,892268,211925558D,another message
1605043312,S0000041Z,565968,08263253A,hugs and kisses
1605070139,S0000029Z,388602,08566261L,hugs and kisses
1605076429,S0000020Z,626060,597351942C,Msg! exactly 32 characters long!
1605086231,S0000028Z,682816,211811381D,another message
1605111012,S0000028Z,138146,211319335D,#tree
1605127636,S0000017Z,988974,597812506Z,Msg! exactly 32 characters long!
1605131267,S0000020Z,370137,593810636E,
1605144683,S0000005Z,820557,08260838A,some message
1605145831,S0000009Z,276449,08295369W,some message
1605153259,S0000013Z,501419,46235011E,hugs and kisses
1605153339,S0000038Z,240749,20982444W,hugs and kisses
1605165799,S0000033Z,373221,251521007R,hugs and kisses
1605172936,S0000016Z,4665,251212178E,hugs and kisses
1605177010,S0000024Z,996577,08566261L,another message
1605180287,S0000011Z,176915,05826711W,Msg! exactly 32 characters long!
1605188596,S0000022Z,663501,211755621K,some message
1605190469,S0000010Z,305859,251015178W,another message
1605194093,S0000043Z,940332,590615100R,#tree
1605199332,S0000010Z,718340,597812506Z,
1605209355,S0000014Z,642349,25932511,another message
1605214031,S0000014Z,151749,08106036B,
1605221917,S0000010Z,877557,215112888H,hugs and kisses
1605239926,S0000039Z,312033,211218465Z,Msg! exactly 32 characters long!
1605240987,S0000016Z,383552,20318638A,#tree
1605261019,S0000003Z,171293,251045507E,another message
1605277476,S0000012Z,173910,251828852W,Msg! exactly 32 characters long!
1605277749,S0000017Z,620232,20390046B,
1605282062,S0000040Z,118085,251015178W,Msg! exactly 32 characters long!
1605290376,S0000049Z,678823,44686811J,Msg! exactly 32 characters long!
1605292307,S0000015Z,728533,08216574L,some message
1605306586,S0000030Z,270947,08566261L,another message
1605320976,S0000009Z,763159,25932511,hugs and kisses
1605326625,S0000041Z,253231,44686811J,Msg! exactly 32 characters long!
1605330502,S0000015Z,993445,251126562K,some message
1605332146,S0000003Z,535468,20318638A,another message
1605344367,S0000032Z,254516,251456780H,#tree
1605344999,S0000042Z,695666,20310483D,some message
1605345461,S0000003Z,175061,211913743C,#tree
1605366494,S0000037Z,617277,08108651B,Msg! exactly 32 characters long!
1605380863,S0000001Z,169199,08590093B,
1605385578,S0000038Z,166454,08216574L,
1605385923,S0000014Z,84886,251616922C,#tree
1605390658,S0000004Z,32644,82650911B,hugs and kisses
1605398900,S0000024Z,472241,211611137W,some message
1605401275,S0000003Z,86785,42989511E,
1605416709,S0000011Z,925307,20390046B,some message
1605423298,S0000019Z,450862,08575773W,another message
1605423380,S0000038Z,949639,597712784N,Msg! exactly 32 characters long!
1605430192,S0000012Z,777756,599411133G,hugs and kisses
1605441811,S0000018Z,100780,08825998X,
1605447810,S0000024Z,563929,42989511E,Msg! exactly 32 characters long!
1605452507,S0000000Z,201661,08113982K,#tree
1605452913,S0000012Z,25127,251517728C,Msg! exactly 32 characters long!
1605459694,S0000028Z,855178,599751441N,
1605460754,S0000020Z,409127,251045507E,hugs and kisses
1605468454,S0000027Z,210399,20984761A,
1605473220,S0000023Z,878318,08551049A,another message
1605502325,S0000004Z,412335,251753338H,Msg! exactly 32 characters long!
1605512349,S0000010Z,957480,215112888H,some message
1605526925,S0000041Z,730021,26679711L,
1605553805,S0000002Z,948671,42989511E,another message
1605558483,S0000042Z,392267,08274595M,
1605571267,S0000018Z,777385,20984761A,
1605583167,S0000023Z,589018,251928769W,some message
1605588319,S0000046Z,163301,251013214E,Msg! exactly 32 characters long!
1605595794,S0000033Z,69787,20375058E,
1605628185,S0000038Z,560452,08514183X,Msg! exactly 32 characters long!
1605641858,S0000047Z,695062,211352206R,Msg! exactly 32 characters long!
1605655453,S0000025Z,554830,44686811J,another message
1605689159,S0000038Z,545580,597351942C,
1605700126,S0000028Z,324520,08514183X,#tree
1605701047,S0000040Z,815812,21708811L,#tree
1605717549,S0000044Z,57437,08108651B,another message
1605732682,S0000018Z,538963,20984761A,#tree
1605739678,S0000048Z,617962,08825998X,
1605758258,S0000005Z,331981,593111131Z,some message
1605758973,S0000010Z,75090,251753338H,some message
1605766355,S0000043Z,96723,08575773W,hugs and kisses
1605779252,S0000044Z,349523,20984761A,some message
1605785929,S0000015Z,554343,42989511E,Msg! exactly 32 characters long!
1605790577,S0000031Z,146050,81114111L,Msg! exactly 32 characters long!
1605792074,S0000009Z,197580,08585645J,Msg! exactly 32 characters long!
1605800326,S0000044Z,604477,20982444W,
1605819231,S0000048Z,359629,42989511E,another message
1605827431,S0000043Z,156304,88075711D,another message
1605829364,S0000030Z,269397,08551049A,hugs and kisses
1605830435,S0000032Z,762931,215112888H,#tree
1605843561,S0000006Z,682168,08260838A,
1605870291,S0000023Z,782762,08552036J,another message
1605874523,S0000022Z,135687,597351942C,hugs and kisses
1605878719,S0000001Z,827297,08263253A,another message
1605902091,S0000046Z,362392,87090011C,#tree
1605909894,S0000034Z,751093,20988435W,hugs and kisses
1605914030,S0000033Z,100713,25932511,
1605936231,S0000037Z,304058,44686811J,hugs and kisses
1605979322,S0000032Z,692734,08113982K,another message
1605998201,S0000049Z,545366,08113982K,
1606002831,S0000037Z,587381,05826711W,Msg! exactly 32 characters long!
1606027285,S0000000Z,472802,251616922C,hugs and kisses
1606030510,S0000049Z,166009,251616922C,hugs and kisses
1606039942,S0000004Z,423738,20951951K,Msg! exactly 32 characters long!
1606041005,S0000038Z,656915,215112888H,Msg! exactly 32 characters long!
1606057377,S0000035Z,110592,590615100R,another message
1606062703,S0000039Z,955516,251925341R,another message
1606085803,S0000049Z,576723,08263253A,some message
1606107689,S0000017Z,90073,05397611M,some message
1606108825,S0000005Z,264046,42989511E,
1606127230,S0000041Z,958347,42989511E,Msg! exactly 32 characters long!
1606134506,S0000027Z,235804,17032111E,some message
1606147182,S0000009Z,505057,211755621K,Msg! exactly 32 characters long!
1606153348,S0000029Z,335992,211611137W,another message
1606231907,S0000012Z,471065,251212178E,another message
1606242598,S0000048Z,43938,20995803E,Msg! exactly 32 characters long!
1606263746,S0000027Z,502732,20951951K,another message
1606266135,S0000043Z,901602,88075711D,another message
1606267521,S0000025Z,752937,05397611M,another message
1606275354,S0000035Z,479157,597711707Z,Msg! exactly 32 characters long!
1606281649,S0000010Z,843659,42989511E,#tree
1606295670,S0000033Z,738,08514183X,some message
1606295880,S0000008Z,579710,211811381D,Msg! exactly 32 characters long!
1606296619,S0000011Z,784934,251857320H,
1606300314,S0000049Z,743042,251045507E,another message
1606315652,S0000011Z,702102,211012709M,
1606318421,S0000015Z,12914,597712784N,another message
1606324470,S0000011Z,608968,251753338H,another message
1606339308,S0000008Z,49791,251456780H,
1606342447,S0000046Z,674450,08823423K,
1606347621,S0000032Z,656406,20379520K,some message
1606348915,S0000004Z,871877,20375058E,hugs and kisses
1606356230,S0000018Z,803518,49320011K,
1606360001,S0000007Z,849660,08595773M,some message
1606372886,S0000042Z,393114,82650911B,another message
1606376124,S0000025Z,808494,82650911B,hugs and kisses
1606383145,S0000020Z,27490,211212580E,#tree
1606392393,S0000014Z,17954,211811381D,another message
1606393113,S0000001Z,815237,593810636E,some message
1606411156,S0000048Z,438721,211925558D,another message
1606415547,S0000021Z,392380,42989511E,another message
1606424420,S0000046Z,617464,211212580E,some message
1606429208,S0000026Z,442249,08113982K,some message
1606442839,S0000014Z,711931,599751441N,some message
1606455589,S0000047Z,213783,08551049A,
1606473429,S0000047Z,433210,T13LL1384G,#tree
1606474309,S0000028Z,587050,251521007R,some message
1606492164,S0000014Z,626125,597351942C,hugs and kisses
1606500926,S0000025Z,28376,08551049A,
1606501453,S0000035Z,961248,20960895E,some message
1606528004,S0000006Z,142763,20320752J,hugs and kisses
1606534421,S0000043Z,208980,08113982K,#tree
1606537423,S0000036Z,147155,08171224W,another message
1606551325,S0000048Z,378965,20390046B,#tree
1606553907,S0000039Z,200331,87090011C,hugs and kisses
1606567283,S0000022Z,826030,25932511,Msg! exactly 32 characters long!
1606584006,S0000035Z,413743,251456780H,
1606584256,S0000030Z,570282,42989511E,#tree
1606597848,S0000049Z,564401,20379520K,hugs and kisses
1606603334,S0000032Z,630717,T57LL1146H,another message
1606627535,S0000022Z,217537,08823423K,hugs and kisses
1606629482,S0000049Z,821460,81114111L,another message
1606630699,S0000035Z,331577,211352206R,some message
1606638453,S0000022Z,614006,08274595M,hugs and kisses
1606647091,S0000022Z,392933,251753338H,
1606662653,S0000020Z,43082,251521007R,another message
1606668903,S0000041Z,988675,08514183X,hugs and kisses
1606676482,S0000023Z,429571,599411133G,
1606683986,S0000006Z,564487,251925341R,Msg! exactly 32 characters long!
1606692635,S0000041Z,604615,26679711L,
1606715881,S0000045Z,324231,599116551G,#tree
1606725946,S0000033Z,164503,251045507E,
1606743368,S0000011Z,296863,20375058E,#tree
1606747873,S0000035Z,910566,211218465Z,some message
1606752475,S0000017Z,753640,08566261L,#tree
1606775994,S0000035Z,673241,251828852W,some message
1606776661,S0000048Z,958397,597351942C,another message
1606786893,S0000006Z,669316,211012709M,#tree
1606804970,S0000004Z,809136,599116551G,Msg! exactly 32 characters long!
1606820478,S0000040Z,864714,08260838A,Msg! exactly 32 characters long!
1606823233,S0000001Z,303118,08823423K,hugs and kisses
1606823920,S0000024Z,349373,08582839K,
1606852637,S0000010Z,794384,08585645J,hugs and kisses
1606869539,S0000031Z,6415,T50LL2188J,some message
1606872396,S0000004Z,944837,211611137W,hugs and kisses
1606873573,S0000001Z,918292,87090011C,#tree
1606879368,S0000010Z,246039,251925341R,hugs and kisses
1606886540,S0000040Z,409017,08575773W,Msg! exactly 32 characters long!
1606915698,S0000007Z,246214,08575773W,#tree
1606933005,S0000003Z,75567,251384260M,#tree
1606944010,S0000014Z,689925,599116551G,some message
1606963694,S0000039Z,306008,08113982K,some message
1606965229,S0000000Z,316761,08514183X,Msg! exactly 32 characters long!
1606967600,S0000004Z,643671,08551049A,#tree
1606982786,S0000034Z,243099,81114111L,#tree
1607005462,S0000041Z,121135,20996478B,Msg! exactly 32 characters long!
1607005888,S0000020Z,256569,08108651B,#tree
1607007622,S0000048Z,806828,17032111E,Msg! exactly 32 characters long!
1607012921,S0000016Z,283148,17032111E,another message
1607046095,S0000001Z,79296,08566261L,another message
1607055517,S0000006Z,936938,211811381D,some message
1607056102,S0000020Z,445447,590615100R,Msg! exactly 32 characters long!
1607063358,S0000009Z,945108,20310483D,
1607077794,S0000002Z,120760,44686811J,
1607087313,S0000028Z,898124,87090011C,some message
1607087869,S0000016Z,42772,81114111L,#tree
1607088357,S0000017Z,758905,597812506Z,#tree
1607093239,S0000049Z,346484,20310483D,Msg! exactly 32 characters long!
1607107273,S0000010Z,354788,20988435W,hugs and kisses
1607126971,S0000022Z,835332,597712784N,Msg! exactly 32 characters long!
1607134496,S0000022Z,369929,08566261L,Msg! exactly 32 characters long!
1607134790,S0000008Z,420384,08552036J,#tree
1607145319,S0000033Z,111059,08514183X,some message
1607159827,S0000047Z,982339,211913743C,hugs and kisses
1607171566,S0000001Z,883033,26679711L,#tree
1607203407,S0000037Z,162735,20379520K,another message
1607212102,S0000014Z,990036,599751441N,#tree
1607223147,S0000027Z,952691,08852581B,some message
1607228601,S0000048Z,692807,87090011C,
1607264012,S0000045Z,362386,88075711D,
1607278045,S0000028Z,290977,211722521M,hugs and kisses
1607278544,S0000037Z,195607,20310483D,some message
1607281975,S0000046Z,212887,211722521M,
1607291810,S0000012Z,442332,251616922C,
1607296326,S0000030Z,941004,211755621K,#tree
1607330156,S0000036Z,471282,08590093B,Msg! exactly 32 characters long!
1607352937,S0000037Z,267355,20996478B,Msg! exactly 32 characters long!
1607360537,S0000006Z,258089,251015178W,#tree
1607367844,S0000039Z,971000,17307511J,Msg! exactly 32 characters long!
1607379854,S0000013Z,38946,20995803E,some message
1607381179,S0000048Z,652253,20960895E,
1607387657,S0000048Z,126592,20988435W,#tree
1607390662,S0000001Z,489345,T50LL2188J,#tree
1607403142,S0000012Z,245266,08575773W,#tree
1607413030,S0000006Z,467010,08514183X,some message
1607421020,S0000020Z,439055,597812506Z,#tree
1607427161,S0000045Z,789999,08590093B,hugs and kisses
1607434942,S0000045Z,917068,49320011K,hugs and kisses
1607455784,S0000001Z,985350,08575773W,
1607470067,S0000049Z,804386,211925558D,Msg! exactly 32 characters long!
1607475471,S0000034Z,746549,20379520K,
1607479198,S0000041Z,947590,08298327E,hugs and kisses
1607490909,S0000023Z,599294,08295369W,another message
1607497917,S0000031Z,870161,20996478B,Msg! exactly 32 characters long!
1607508629,S0000006Z,283274,20375058E,#tree
1607551062,S0000026Z,116852,20996478B,some message
1607554169,S0000020Z,131241,81114111L,another message
1607554370,S0000033Z,504812,211611137W,hugs and kisses
1607555501,S0000011Z,532715,08551049A,
1607559653,S0000024Z,230906,20344776M,
1607576502,S0000014Z,591595,08566261L,another message
1607577853,S0000022Z,824412,08552036J,
1607599856,S0000036Z,846791,08106036B,hugs and kisses
1607609491,S0000032Z,14390,251925341R,hugs and kisses
1607616136,S0000016Z,781847,211212580E,hugs and kisses
1607619995,S0000040Z,627285,590615100R,
1607651659,S0000009Z,226130,251857320H,#tree
1607665457,S0000044Z,695982,05826711W,
1607675288,S0000027Z,382254,251521007R,some message
1607682128,S0000047Z,698032,251212178E,another message
1607688467,S0000043Z,630525,81114111L,hugs and kisses
1607689934,S0000025Z,339277,82650911B,#tree
1607690995,S0000037Z,918748,08852581B,some message
1607696445,S0000041Z,502507,211352206R,some message
1607720819,S0000033Z,11718,T13LL1384G,another message
1607724793,S0000034Z,909664,20318638A,Msg! exactly 32 characters long!
1607725493,S0000002Z,923489,20984761A,
1607733818,S0000041Z,658752,251045507E,some message
1607735742,S0000043Z,408952,251013214E,some message
1607746692,S0000037Z,344561,20375058E,
1607748925,S0000049Z,315817,251015178W,Msg! exactly 32 characters long!
1607765318,S0000004Z,88079,20936926L,another message
1607765689,S0000035Z,25078,211811381D,hugs and kisses
1607812111,S0000020Z,911670,20988435W,Msg! exactly 32 characters long!
1607813849,S0000045Z,487564,215112888H,#tree
1607829624,S0000033Z,887214,20375058E,#tree
1607838670,S0000007Z,353856,T50LL2188J,hugs and kisses
1607851805,S0000025Z,731728,T50LL2188J,
1607853371,S0000019Z,614164,251384260M,Msg! exactly 32 characters long!
1607869075,S0000037Z,407546,251828852W,#tree
1607872171,S0000004Z,586116,211012709M,another message
1607892165,S0000025Z,117273,08582839K,#tree
1607894096,S0000005Z,98093,08825998X,Msg! exactly 32 characters long!
1607898150,S0000001Z,548071,20375058E,Msg! exactly 32 characters long!
1607904589,S0000033Z,360100,08852581B,#tree
1607914844,S0000019Z,653201,211352206R,
1607934014,S0000027Z,164443,599751441N,
1607943879,S0000003Z,893640,20310483D,Msg! exactly 32 characters long!
1607953411,S0000004Z,549602,08590093B,some message
1607956240,S0000027Z,338708,211925558D,Msg! exactly 32 characters long!
1607960940,S0000047Z,377784,597351942C,hugs and kisses
1607964931,S0000021Z,347128,211722521M,another message
1607974572,S0000047Z,388147,08590093B,
1607979249,S0000013Z,194401,251126562K,some message
1607980098,S0000012Z,188605,211212580E,some message
1607985280,S0000027Z,908066,08514183X,
1607987996,S0000018Z,685213,08260838A,hugs and kisses
1607992159,S0000037Z,671985,251521007R,hugs and kisses
1607997961,S0000048Z,414147,211722521M,hugs and kisses
1608015585,S0000015Z,564160,08590093B,some message
1608017175,S0000047Z,268672,08171224W,another message
1608028746,S0000006Z,590841,08575773W,
1608035385,S0000029Z,417749,08260838A,Msg! exactly 32 characters long!
1608037585,S0000037Z,606437,211352206R,
1608044078,S0000013Z,97970,597711707Z,Msg! exactly 32 characters long!
1608075219,S0000013Z,262115,05397611M,another message
1608089314,S0000042Z,538686,251753338H,another message
1608104113,S0000013Z,782910,599116551G,hugs and kisses
1608108072,S0000029Z,702070,211319335D,hugs and kisses
1608133910,S0000036Z,537336,211755621K,
1608163565,S0000035Z,796023,05826711W,another message
1608176690,S0000037Z,440848,251828852W,some message
1608200144,S0000014Z,335583,08523597C,Msg! exactly 32 characters long!
1608201074,S0000034Z,95262,08566261L,another message
1608217832,S0000032Z,204348,597711707Z,another message
1608219545,S0000013Z,204809,08552036J,#tree
1608220300,S0000002Z,365155,08852581B,#tree
1608239137,S0000037Z,880593,251126562K,Msg! exactly 32 characters long!
1608273279,S0000003Z,931054,211012709M,another message
1608279129,S0000041Z,669763,211755621K,some message
1608304048,S0000037Z,272088,26679711L,hugs and kisses
1608305681,S0000009Z,130120,17307511J,Msg! exactly 32 characters long!
1608308639,S0000001Z,932919,251013214E,
1608309867,S0000041Z,613200,08274595M,#tree
1608314481,S0000029Z,314018,88075711D,
1608342373,S0000017Z,881063,20936926L,
1608353761,S0000000Z,46403,211925558D,Msg! exactly 32 characters long!
1608353983,S0000025Z,712999,26679711L,Msg! exactly 32 characters long!
1608362611,S0000004Z,713539,251456780H,another message
1608377388,S0000000Z,235920,20318638A,
1608381621,S0000013Z,402617,251126562K,Msg! exactly 32 characters long!
1608381885,S0000021Z,3261,251511413M,Msg! exactly 32 characters long!
1608383027,S0000004Z,185514,215112888H,some message
1608390095,S0000001Z,208716,49320011K,another message
1608392648,S0000038Z,174521,08106036B,Msg! exactly 32 characters long!
1608396972,S0000039Z,895703,211218465Z,another message
1608397350,S0000026Z,202743,20988435W,Msg! exactly 32 characters long!
1608434967,S0000047Z,69435,08551049A,Msg! exactly 32 characters long!
1608446203,S0000009Z,33349,251828852W,Msg! exactly 32 characters long!
1608450345,S0000040Z,753676,211755621K,#tree
1608463471,S0000016Z,420211,597712784N,#tree
1608477377,S0000011Z,464787,599751441N,
1608479128,S0000002Z,832587,251616922C,Msg! exactly 32 characters long!
1608508736,S0000046Z,345121,20390046B,some message
1608531607,S0000041Z,760143,211611137W,hugs and kisses
1608535003,S0000020Z,991597,20320752J,hugs and kisses
1608541088,S0000004Z,122807,20375058E,
1608545036,S0000011Z,513238,20984761A,another message
1608550925,S0000043Z,854605,20960895E,#tree
1608572140,S0000009Z,327701,08566261L,#tree
1608590466,S0000031Z,321668,17032111E,hugs and kisses
1608591747,S0000045Z,140683,20318638A,some message
1608600563,S0000034Z,557449,211012709M,hugs and kisses
1608610998,S0000011Z,12648,25932511,some message
1608642868,S0000018Z,704237,17307511J,Msg! exactly 32 characters long!
1608650607,S0000024Z,884205,08582839K,another message
1608653860,S0000014Z,982917,211352206R,Msg! exactly 32 characters long!
1608655704,S0000029Z,179669,17307511J,some message
1608670300,S0000047Z,114604,597351942C,Msg! exactly 32 characters long!
1608691475,S0000006Z,363411,211212580E,some message
1608693629,S0000038Z,290767,597351942C,another message
1608708983,S0000044Z,839823,593111131Z,another message
1608725541,S0000004Z,75074,08274595M,Msg! exactly 32 characters long!
1608732028,S0000041Z,909813,08514183X,some message
1608743138,S0000021Z,253219,08575773W,another message
1608762272,S0000036Z,974144,593111131Z,another message
1608778680,S0000008Z,656994,08216574L,another message
1608804964,S0000045Z,436283,25932511,some message
1608812773,S0000028Z,169366,211722521M,some message
1608815754,S0000046Z,823475,20320752J,
1608819429,S0000047Z,39049,20960895E,another message
1608828817,S0000019Z,214400,251212178E,Msg! exactly 32 characters long!
1608834838,S0000030Z,756031,21708811L,hugs and kisses
1608837402,S0000030Z,52225,88075711D,some message
1608852277,S0000005Z,607954,14945711B,some message
1608864259,S0000021Z,714106,251045507E,another message
1608881787,S0000048Z,510640,08825998X,
1608882881,S0000026Z,211335,251126562K,#tree
1608895849,S0000026Z,296242,08566261L,Msg! exactly 32 characters long!
1608897546,S0000003Z,859794,17307511J,hugs and kisses
1608903585,S0000044Z,877134,25932511,
1608914802,S0000042Z,795129,251517728C,some message
1608923171,S0000033Z,381851,20379520K,#tree
1608926344,S0000039Z,26865,251013214E,another message
1608926648,S0000000Z,288304,20390046B,another message
1608940306,S0000031Z,510248,21708811L,another message
1608969372,S0000009Z,845039,20375058E,another message
1608970115,S0000004Z,117169,20318638A,hugs and kisses